"","X","fungsi","iterasi","populasi","numVar","scalingVector","crossOverRate","optimum","X1","X2","X3","X4","X5","X6","X7","X8","X9","X10","time"
"1",1,"f1",100,10,5,0.5,0.5,1361.32605536547,1.3640312012285,2.86682124133222,3.42832577880472,-19.3039913661778,-31.0942005831748,0,0,0,0,0,0.829999999999927
"2",2,"f1",100,30,5,0.5,0.5,1710.21289258355,-24.9975840037223,0.701790489256382,-12.2393874451518,-29.302004724741,-8.74248767504469,0,0,0,0,0,2.6099999999999
"3",3,"f1",100,50,5,0.5,0.5,144.884177241688,3.43341995030642,-0.600106664933264,-7.17244615843811,8.51352483732626,2.96843184623867,0,0,0,0,0,4.44000000000005
"4",4,"f1",100,100,5,0.5,0.5,515.149564378212,-4.02321126312017,5.1095851464197,-3.00716222045594,20.956647155981,4.96300216618693,0,0,0,0,0,8.75
"5",5,"f1",500,10,5,0.5,0.5,4333.80666652773,57.8281209571287,3.96462047938257,28.1632946804166,0.181370714562945,13.4459218708798,0,0,0,0,0,4.79999999999995
"6",6,"f1",500,30,5,0.5,0.5,1187.30875082334,-24.0314704366028,-11.0108898952603,1.77108374773525,14.1219103767071,-16.9113096140791,0,0,0,0,0,13.7800000000002
"7",7,"f1",500,50,5,0.5,0.5,1363.94147480912,19.1530766431242,-19.3889465823304,20.0296408962458,7.90963131003082,-12.546756491065,0,0,0,0,0,22.04
"8",8,"f1",500,100,5,0.5,0.5,438.137975639102,8.31049783737399,2.05609771851414,-18.2346812449396,1.76628341723699,-5.40580302003946,0,0,0,0,0,41.8799999999999
"9",9,"f1",1000,10,5,0.5,0.5,3733.30046543805,-2.35762372467434,59.8804523411673,-0.022271337093116,10.944755631499,4.72073419950902,0,0,0,0,0,11.55
"10",10,"f1",1000,30,5,0.5,0.5,548.340591499303,0.84769744426012,21.2987508391961,7.90882823057473,4.71270118141547,-3.03744906559587,0,0,0,0,0,28.01
"11",11,"f1",1000,50,5,0.5,0.5,938.099299055248,-4.26949008688098,-8.01690140506253,0.742799241561443,20.9857145149726,-20.3629094408825,0,0,0,0,0,40.6900000000001
"12",12,"f1",1000,100,5,0.5,0.5,402.895975866878,-6.44874229765264,-13.502404562314,0.135460612364113,-8.72765500098467,-10.1392533397302,0,0,0,0,0,79.4400000000001
"13",13,"f2",100,10,5,0.5,0.5,7.8729451573174,0.133886928670108,-4.3501352169551,1.02243994013406,-0.0352882512379438,-2.10954486450646,0,0,0,0,0,0.990000000000009
"14",14,"f2",100,30,5,0.5,0.5,6.02602323999819,0.163827012293041,3.09394134674221,0.602165516465902,1.93124660523608,-0.0594948511570692,0,0,0,0,0,2.80999999999995
"15",15,"f2",100,50,5,0.5,0.5,2.54714539165127,0.376306574326009,-0.244087071623653,-1.59805294126272,-0.0206648535095155,0.30343200545758,0,0,0,0,0,4.70000000000005
"16",16,"f2",100,100,5,0.5,0.5,6.41555173463171,0.0871511269360781,0.696167158894241,0.0437325611710548,-4.82051014783792,-0.721828339155763,0,0,0,0,0,8.70000000000005
"17",17,"f2",500,10,5,0.5,0.5,5.12076554739067,-3.59997377905529,-0.626416800078005,-0.0625647706328891,0.117534722376149,-0.65958641236648,0,0,0,0,0,4.76999999999998
"18",18,"f2",500,30,5,0.5,0.5,1.91039707544452,-0.993298385874368,0.0982617531553842,0.105700098793022,0.108589960727841,0.601179409422912,0,0,0,0,0,13.5699999999999
"19",19,"f2",500,50,5,0.5,0.5,4.08343453649229,1.4918090775609,1.66058028000407,0.123191434831824,-0.317007047124207,-0.330822018440813,0,0,0,0,0,20.55
"20",20,"f2",500,100,5,0.5,0.5,1.75067037902295,0.208205552225991,0.0432236026972532,-0.462550912052393,0.687167363939807,0.344594460912049,0,0,0,0,0,38.7800000000002
"21",21,"f2",1000,10,5,0.5,0.5,4.79437365045359,4.55080088693649,0.0402619573287666,0.122331326710992,0.0514625590949436,-0.0293476600199938,0,0,0,0,0,9.51999999999998
"22",22,"f2",1000,30,5,0.5,0.5,3.82024954155352,0.00753561242163414,-0.12846652767621,1.30099859685288,-1.19083056808449,1.18354280828498,0,0,0,0,0,24.4399999999998
"23",23,"f2",1000,50,5,0.5,0.5,7.07805936012328,-1.22073472244665,-0.470230830833316,-0.0224923947826028,3.22773631894961,-1.76838574348949,0,0,0,0,0,38.6800000000001
"24",24,"f2",1000,100,5,0.5,0.5,2.77483512452433,-0.432420268189162,-0.595090857823379,0.0112513883505017,-1.60625990014523,0.126862754987087,0,0,0,0,0,78.78
"25",25,"f3",100,10,5,0.5,0.5,3935.18233969039,38.2951829466037,-32.0552417077124,1.83907850587275,-6.40520299784839,-50.2706501167268,0,0,0,0,0,0.960000000000036
"26",26,"f3",100,30,5,0.5,0.5,2092.16972926131,-16.7248596902937,26.849635085091,31.0868332628161,-39.0145430399571,0.394060648977757,0,0,0,0,0,2.98000000000002
"27",27,"f3",100,50,5,0.5,0.5,1088.22110622582,-29.859690903686,36.9985400699079,0.800980697385967,-16.8955571716651,10.5084178969264,0,0,0,0,0,4.87000000000012
"28",28,"f3",100,100,5,0.5,0.5,388.514163891769,-2.69885213347152,20.7906830357388,-15.1308648637496,-4.01833846699446,7.69293264020234,0,0,0,0,0,8.79999999999995
"29",29,"f3",500,10,5,0.5,0.5,4909.09036511565,-27.4796771816909,-22.3202378372662,68.6065414920449,9.04401633888483,-51.1868521629367,0,0,0,0,0,4.8599999999999
"30",30,"f3",500,30,5,0.5,0.5,768.794089815831,-10.4769606143236,11.278041289188,-12.0669542317046,33.8186431768008,-27.3317162951571,0,0,0,0,0,13.8800000000001
"31",31,"f3",500,50,5,0.5,0.5,274.044554810796,-6.7399725317955,-6.33030667668208,8.38964896684047,9.78942628971708,-8.23562031146139,0,0,0,0,0,21.03
"32",32,"f3",500,100,5,0.5,0.5,251.485986615053,7.63977923197672,-17.8768033627421,14.8504745389801,-2.63335744384676,5.96461622044444,0,0,0,0,0,39.1399999999999
"33",33,"f3",1000,10,5,0.5,0.5,439.944043127025,-7.1114236023277,5.56797162862495,-17.8923288360238,16.9479820877314,4.23443414911162,0,0,0,0,0,9.80000000000018
"34",34,"f3",1000,30,5,0.5,0.5,949.410444041943,9.97404521913268,-33.5236650425941,34.0781474485993,1.01841446012259,-18.6997392098419,0,0,0,0,0,24.8499999999999
"35",35,"f3",1000,50,5,0.5,0.5,447.721261685744,14.5845734754403,-21.5396827668883,-6.34480068692937,16.3204681797652,-2.22900549415499,0,0,0,0,0,39.1100000000001
"36",36,"f3",1000,100,5,0.5,0.5,50.2391402232312,-5.45781522323523,6.49766252124664,-4.79677776456811,5.13673278037459,0.450970706879161,0,0,0,0,0,75
"37",37,"f4",100,10,5,0.5,0.5,55.2245202474296,55.2245202474296,39.8208923172206,-32.9711674537975,-34.136442374438,-53.8251173682511,0,0,0,0,0,0.949999999999818
"38",38,"f4",100,30,5,0.5,0.5,12.0581021968974,-6.56122163054533,-9.91779949981719,4.38271583989263,-12.0581021968974,5.43096736655571,0,0,0,0,0,2.91000000000008
"39",39,"f4",100,50,5,0.5,0.5,18.071125500137,18.071125500137,13.8947294609579,-14.8247300618095,-5.06311001081485,14.9575261908467,0,0,0,0,0,4.75999999999999
"40",40,"f4",100,100,5,0.5,0.5,22.742102202028,15.5323561746627,22.742102202028,9.22301423852332,3.68469381355681,14.3997226725332,0,0,0,0,0,8.70000000000005
"41",41,"f4",500,10,5,0.5,0.5,24.8591916169971,-4.51748848281568,24.8591916169971,-8.2277715523503,-24.6752383114654,24.1077389888233,0,0,0,0,0,4.96000000000004
"42",42,"f4",500,30,5,0.5,0.5,21.4064844680252,-10.3672694822308,14.6496638483541,-21.4064844680252,-18.8645567988829,17.9583112592809,0,0,0,0,0,13.9399999999998
"43",43,"f4",500,50,5,0.5,0.5,15.1855814197916,3.96259661372795,4.31870654513204,-15.1855814197916,0.345915693515053,-14.3328683552653,0,0,0,0,0,20.7900000000002
"44",44,"f4",500,100,5,0.5,0.5,15.179503755644,-13.2122130722564,-2.3659061640501,15.179503755644,8.61296823609337,7.86285212855375,0,0,0,0,0,38.5799999999999
"45",45,"f4",1000,10,5,0.5,0.5,33.2585301017389,-25.5486821988598,14.4414075242821,-13.4582788217813,-33.2585301017389,1.71452445550992,0,0,0,0,0,9.3599999999999
"46",46,"f4",1000,30,5,0.5,0.5,35.7903588330373,-13.1303073786285,-24.2801759288088,21.7090246267617,-35.7903588330373,-18.8146351069008,0,0,0,0,0,24.5
"47",47,"f4",1000,50,5,0.5,0.5,10.9330478440853,10.9330478440853,0.856776681393967,7.45353372130921,1.7594101749637,-9.83342042409276,0,0,0,0,0,41.1700000000001
"48",48,"f4",1000,100,5,0.5,0.5,10.0127506419085,-9.06021187547594,8.22024592198431,-7.17277305121273,-10.0127506419085,-7.60628368007019,0,0,0,0,0,77.3399999999999
"49",49,"f5",100,10,5,0.5,0.5,278746.821494037,-7.23169892560691,4.2829397838068,-3.30712339840829,7.49606954312185,56.4862936490681,0,0,0,0,0,0.950000000000045
"50",50,"f5",100,30,5,0.5,0.5,191816.743865962,0.444147401140071,-6.28072917927057,-3.28751167282462,4.34522594659938,16.1747313989326,0,0,0,0,0,2.76999999999998
"51",51,"f5",100,50,5,0.5,0.5,14418.6542193684,-1.27950932364911,0.507477920036763,1.71107583792036,3.53777830459876,0.670974827371538,0,0,0,0,0,4.77999999999997
"52",52,"f5",100,100,5,0.5,0.5,9732.71254982601,-1.10263550654054,-1.17223449284211,1.58249430824071,3.37660030229017,1.87941416166723,0,0,0,0,0,8.86999999999989
"53",53,"f5",500,10,5,0.5,0.5,1474186.98542752,-7.25079720199574,-7.2562740650028,-9.42252638633363,8.96928729023784,49.8655452544335,0,0,0,0,0,5
"54",54,"f5",500,30,5,0.5,0.5,22447.5479862372,-3.47460440243594,0.294043743951988,-2.16258906053554,5.34216120606288,37.4684053888086,0,0,0,0,0,13.8599999999999
"55",55,"f5",500,50,5,0.5,0.5,75161.9983947259,-1.42286017304286,1.69920335218194,2.44196000961892,5.44787876307964,57.0795304875355,0,0,0,0,0,21.2600000000002
"56",56,"f5",500,100,5,0.5,0.5,23016.6599645403,0.790921821026132,0.568603249266744,-4.51203051838093,13.0015638451005,181.325328442472,0,0,0,0,0,38.7199999999998
"57",57,"f5",1000,10,5,0.5,0.5,1651.73697120903,1.52055159152951,-0.434405726264231,-0.974034293903969,-1.34367754217237,3.30542226846546,0,0,0,0,0,9.72000000000025
"58",58,"f5",1000,30,5,0.5,0.5,8248.60759372303,3.06604645040352,1.80716687551467,2.75497067486867,5.29877128370572,23.7123085273197,0,0,0,0,0,24.5299999999997
"59",59,"f5",1000,50,5,0.5,0.5,31348.3118257437,4.34041247935966,3.50992958585266,3.65724370465614,13.9816535962746,194.408332749736,0,0,0,0,0,38.8900000000003
"60",60,"f5",1000,100,5,0.5,0.5,1435.57266656456,-1.16436110385621,0.0653577002140082,1.92873183055781,3.63103868148755,10.2102601812931,0,0,0,0,0,75.3299999999999
"61",61,"f6",100,10,5,0.5,0.5,748.674417347241,-0.294495740672573,-1.42558586849191,-13.3262535207905,-10.7892297906801,-22.3493580473587,0,0,0,0,0,0.9699999999998
"62",62,"f6",100,30,5,0.5,0.5,1772.06855935517,1.2590397731401,27.1721710450947,-23.5210799844936,8.13896844920237,19.4655550527386,0,0,0,0,0,2.73000000000002
"63",63,"f6",100,50,5,0.5,0.5,823.132017195126,12.942323484458,-5.9453567257151,2.97184202354401,23.3196899527684,-6.27518226392567,0,0,0,0,0,4.67000000000007
"64",64,"f6",100,100,5,0.5,0.5,584.414431858796,5.76904232148081,13.3632234603283,1.72819785657339,8.31297971308231,15.940532181412,0,0,0,0,0,8.78999999999996
"65",65,"f6",500,10,5,0.5,0.5,1326.86248378913,-4.10009378374525,-12.4628471217875,1.66458341991529,-18.8085902482271,-29.3253742216621,0,0,0,0,0,4.86999999999989
"66",66,"f6",500,30,5,0.5,0.5,424.862726777228,8.29518882237608,-4.18667481571902,-2.05109376674955,17.2232071403414,-4.67107251752168,0,0,0,0,0,13.9900000000002
"67",67,"f6",500,50,5,0.5,0.5,1039.44287746042,-15.4522916534916,-16.1094466573559,2.28329254314303,-3.21112311212346,-24.1033921483904,0,0,0,0,0,20.8099999999999
"68",68,"f6",500,100,5,0.5,0.5,125.961754024425,-0.104329627356492,-0.441423127449525,7.11829562205821,0.216306240417907,7.70062466617674,0,0,0,0,0,38.6399999999999
"69",69,"f6",1000,10,5,0.5,0.5,3586.95782401887,-59.2745830334025,6.10177684575319,1.4003025367856,-9.72938560880721,-0.860620714956895,0,0,0,0,0,9.13999999999987
"70",70,"f6",1000,30,5,0.5,0.5,458.723783196003,12.5536602259672,3.74478203302715,-11.6934976020275,-4.09115563425075,10.9942061943002,0,0,0,0,0,24.5500000000002
"71",71,"f6",1000,50,5,0.5,0.5,490.491366981555,-2.08472952945158,-11.12859233981,6.64816852367949,-1.26353077789645,-18.4814830223331,0,0,0,0,0,38.9299999999998
"72",72,"f6",1000,100,5,0.5,0.5,69.4326986081836,0.842628214741126,1.11643834679853,1.78728036116809,-0.4290621727705,7.23178449843545,0,0,0,0,0,74.71
"73",73,"f7",100,10,5,0.5,0.5,0.779247853553181,0.63401241838932,0.337621039748192,0.465556497611105,0.51975641310215,-0.371913053952158,0,0,0,0,0,1
"74",74,"f7",100,30,5,0.5,0.5,0.596809960689977,0.4646698564291,-0.166248419880867,0.0660723034851257,0.196282959803939,0.396328113973141,0,0,0,0,0,2.7800000000002
"75",75,"f7",100,50,5,0.5,0.5,0.162676434735144,0.412855824232101,-0.335610415637493,0.144061321616173,0.264238262921572,-0.347599504739046,0,0,0,0,0,4.78999999999996
"76",76,"f7",100,100,5,0.5,0.5,0.955170670718779,-0.434852131605148,-0.170293438732624,-0.125957797169685,-0.219464238882065,0.105781193971634,0,0,0,0,0,9.07000000000016
"77",77,"f7",500,10,5,0.5,0.5,1.09844895246636,-0.272492402866483,0.425397404162212,0.159273273944855,0.570942441225052,-0.195160798849538,0,0,0,0,0,4.98000000000002
"78",78,"f7",500,30,5,0.5,0.5,0.513999151235519,-0.0194981969264334,-0.02118027895689,0.330058696120977,0.477059125863016,-0.429993726015091,0,0,0,0,0,14.1699999999996
"79",79,"f7",500,50,5,0.5,0.5,1.04139376301313,-0.0121043086564167,-0.389008303284645,-0.299376867413521,0.0890096563100815,-0.0423338548094038,0,0,0,0,0,21.1400000000003
"80",80,"f7",500,100,5,0.5,0.5,0.809045267686578,-0.265425130606164,0.193423846960068,0.0650670608878139,0.266597057450563,0.00909508158452721,0,0,0,0,0,39.1799999999998
"81",81,"f7",1000,10,5,0.5,0.5,1.02042174379551,0.0248767685843624,0.118054991289973,-0.47322723954916,-0.157601590380072,0.0368989950418472,0,0,0,0,0,9.92000000000007
"82",82,"f7",1000,30,5,0.5,0.5,0.802571724663547,-0.300999858155846,-0.0391639676690101,0.443431093394757,-0.0258415889739991,0.259704953730107,0,0,0,0,0,25.1900000000001
"83",83,"f7",1000,50,5,0.5,0.5,0.428044625897637,0.450461711883545,0.186369872242212,0.2460650780797,0.386118018999695,-0.0403212178498508,0,0,0,0,0,39.6100000000001
"84",84,"f7",1000,100,5,0.5,0.5,0.272981431041758,-0.401648649424314,0.38630627900362,0.407026570439339,0.202812037207184,-0.371733161713929,0,0,0,0,0,75.73
"85",85,"f8",100,10,5,0.5,0.5,-6005.7747495867,2063.99981715185,1535.36635282217,-534.653063807127,1048.59691907768,1083.51488425978,0,0,0,0,0,0.989999999999782
"86",86,"f8",100,30,5,0.5,0.5,-7724.88395473858,1586.89719245012,-609.177966864081,-3825.07299445945,-2388.24017477964,-1228.5345563605,0,0,0,0,0,2.8100000000004
"87",87,"f8",100,50,5,0.5,0.5,-109045.049458756,-11115.7251900247,5683.05453220455,204.944680967984,5860.5397749343,-93728.9989460986,0,0,0,0,0,4.66999999999962
"88",88,"f8",100,100,5,0.5,0.5,-49563.7775716422,13479.9914053755,-8500.20647689598,25108.5870567637,-2936.07264674938,16043.7570253453,0,0,0,0,0,8.74000000000024
"89",89,"f8",500,10,5,0.5,0.5,-56213230.4083413,-4636316.5746901,-17814395.5911258,-9473303.96435943,-19888928.9416556,7580710.77361846,0,0,0,0,0,4.73000000000002
"90",90,"f8",500,30,5,0.5,0.5,-39032999.0929946,6774653.84357213,1066097.26561473,2570839.87255214,-32751563.2583024,-882386.098157805,0,0,0,0,0,13.3099999999999
"91",91,"f8",500,50,5,0.5,0.5,-2046138951.34757,-101267242.792102,186141379.600807,-41458474.6175236,-256801909.497953,1935150048.18346,0,0,0,0,0,20.5
"92",92,"f8",500,100,5,0.5,0.5,-1498339559.78199,235328975.950275,-267635124.1876,438908475.77838,-252825822.552326,721553815.983925,0,0,0,0,0,38.6700000000001
"93",93,"f8",1000,10,5,0.5,0.5,-4555741337855.78,-728806265613.684,1504590030779.67,-1284348219231.44,-770639717972.042,1365903774100.6,0,0,0,0,0,9.44999999999982
"94",94,"f8",1000,30,5,0.5,0.5,-22192576822.0683,1941724916.1082,-3014068645.96023,8545152546.35848,-9415818045.94055,3713097672.514,0,0,0,0,0,24.3400000000001
"95",95,"f8",1000,50,5,0.5,0.5,-2199214081634.14,-33524232878.2185,-1523075043915.3,205602686145.629,237455797829.725,-280079423764.976,0,0,0,0,0,39.6300000000001
"96",96,"f8",1000,100,5,0.5,0.5,-5368124477859.2,1098496950225.14,1857651242798.67,2386982551960.09,-1341108689072.6,-2618557344390.47,0,0,0,0,0,74.1199999999999
"97",97,"f9",100,10,5,0.5,0.5,29.8609075865508,-1.14050312161446,-0.0484974705427894,-3.14271847724914,1.99991894841194,2.11146885216236,0,0,0,0,0,1.05999999999995
"98",98,"f9",100,30,5,0.5,0.5,10.7364865003114,-0.0372261878848048,0.979348557889462,-0.990317094326019,-1.194886315763,-0.0442931073904056,0,0,0,0,0,3.0300000000002
"99",99,"f9",100,50,5,0.5,0.5,26.9137862326508,0.939340107440949,2.17241095304489,1.93719930410385,-3.00488417387009,0.933848912715912,0,0,0,0,0,4.94000000000005
"100",100,"f9",100,100,5,0.5,0.5,22.2037997422349,-1.01544129610062,0.792305085659027,-1.18912737250328,1.99645357847214,-1.04321390092373,0,0,0,0,0,9
"101",101,"f9",500,10,5,0.5,0.5,58.2503070570024,-3.75479577720165,-1.00470000505447,3.98627658963203,0.155910034775735,1.2730041384697,0,0,0,0,0,4.90999999999985
"102",102,"f9",500,30,5,0.5,0.5,21.781964303212,-1.89902887701988,-1.17893559932709,-1.98534198760986,-2.04361811041832,0.05640251159668,0,0,0,0,0,13.8600000000001
"103",103,"f9",500,50,5,0.5,0.5,20.7835498945655,0.122065956518055,-0.0442535781860354,2.95070161819458,1.98428587704897,0.155210181176662,0,0,0,0,0,21.3299999999999
"104",104,"f9",500,100,5,0.5,0.5,25.2691394305397,1.26368669390678,2.00584716796875,0.858630838394165,-0.029159014225006,2.02212207555771,0,0,0,0,0,39.1600000000003
"105",105,"f9",1000,10,5,0.5,0.5,36.9330675976836,-1.20445012331009,0.918518506065009,3.72763917922974,-0.0147778528928758,-0.0655553251504903,0,0,0,0,0,9.55999999999995
"106",106,"f9",1000,30,5,0.5,0.5,25.9418419321611,-1.07638924837112,-3.9216139626503,1.99829558849335,-1.04866894252598,0.942772064208985,0,0,0,0,0,24.8099999999999
"107",107,"f9",1000,50,5,0.5,0.5,15.8651322093723,-1.04515299260616,-0.195705447793006,-2.03585299015045,1.06243187785149,-0.949843032360076,0,0,0,0,0,39.2799999999997
"108",108,"f9",1000,100,5,0.5,0.5,18.6463403634645,-1.94729001283646,0.038065701127052,1.06871599793434,-2.03756989240646,-0.209654227197171,0,0,0,0,0,75.4300000000003
"109",109,"f10",100,10,5,0.5,0.5,16.9610418295788,4.13290825486183,-0.912914242595434,-2.9057367965579,-15.3587278574705,-4.70280446112156,0,0,0,0,0,1.05999999999995
"110",110,"f10",100,30,5,0.5,0.5,9.32552953904603,4.66158509254456,2.25932800769806,-0.545163191854954,-1.1591923981905,-0.0621137619018555,0,0,0,0,0,2.83000000000038
"111",111,"f10",100,50,5,0.5,0.5,3.6898412456292,-0.538609072566032,-1.28817056119442,-0.0168508011847734,-0.0854048803448677,0.0387404370121658,0,0,0,0,0,4.88999999999987
"112",112,"f10",100,100,5,0.5,0.5,13.4080698428349,-7.51088627427816,7.06560681015253,-1.92105333507061,-1.88324590818956,1.06329952646047,0,0,0,0,0,9.01999999999998
"113",113,"f10",500,10,5,0.5,0.5,17.4550571340147,8.05311769247055,7.04942633677274,-0.0802207440137863,-14.523789586965,-6.13804601877928,0,0,0,0,0,4.98000000000002
"114",114,"f10",500,30,5,0.5,0.5,15.3854843272128,1.32583813928068,-3.33653418719769,-9.22108252346516,-5.33296804875135,-6.02407781779766,0,0,0,0,0,13.8800000000001
"115",115,"f10",500,50,5,0.5,0.5,13.5065564251976,-3.21816440299153,-2.00738087296486,3.60372088290751,-2.03359888121486,-9.11330242455006,0,0,0,0,0,21.0299999999997
"116",116,"f10",500,100,5,0.5,0.5,6.67530848490737,1.32947132363915,0.541749551892281,1.63339777290821,1.1236282736063,1.5896902680397,0,0,0,0,0,39.2000000000003
"117",117,"f10",1000,10,5,0.5,0.5,20.1472332202998,-9.09056471288204,-20.8247572779655,-25.8852205984294,-0.925922676920891,-20.8504392318428,0,0,0,0,0,9.94999999999982
"118",118,"f10",1000,30,5,0.5,0.5,8.28699680743861,-4.07462139427662,-0.582568198442459,0.458131119608879,-1.0499957241118,-0.513156071305275,0,0,0,0,0,25.5
"119",119,"f10",1000,50,5,0.5,0.5,12.9296189967794,3.30493304133415,-3.96610038913786,4.40248767286539,5.92414818704128,-1.46896044909954,0,0,0,0,0,39.6399999999999
"120",120,"f10",1000,100,5,0.5,0.5,9.78449308817581,-4.0189700499177,2.70381461270154,-2.95724884979427,-1.65852816402912,-2.05917473137379,0,0,0,0,0,75.4100000000003
"121",121,"f11",100,10,5,0.5,0.5,8.36779270344732,-12.1249685995281,-28.4871999174356,-45.4169990960509,-160.130272479728,-28.0606039334089,0,0,0,0,0,1
"122",122,"f11",100,30,5,0.5,0.5,2.02499661091359,-26.9877777434886,-0.706221163272858,-56.136227818206,-17.5761256366968,-2.99991304054856,0,0,0,0,0,3.00999999999976
"123",123,"f11",100,50,5,0.5,0.5,8.26235171835098,-38.6434463784099,11.2021297914907,30.9688702225685,-42.5660821376368,157.121453806758,0,0,0,0,0,5.09999999999991
"124",124,"f11",100,100,5,0.5,0.5,8.68900879652857,17.2993335494539,63.1278379209107,-42.9889758699574,6.25230346340686,-156.6800407134,0,0,0,0,0,9
"125",125,"f11",500,10,5,0.5,0.5,17.5784976500369,187.49051601626,114.549627236556,-4.45850451505976,55.7935294898925,123.55991397053,0,0,0,0,0,4.89000000000033
"126",126,"f11",500,30,5,0.5,0.5,11.8417211109396,27.8966145124286,179.518657643348,-80.3964713704772,-28.1680190004408,-56.1107258778065,0,0,0,0,0,13.6900000000001
"127",127,"f11",500,50,5,0.5,0.5,7.64976742558437,-7.94456312432885,65.9636704658624,133.249928173609,-27.9165846761316,60.4087571147829,0,0,0,0,0,20.9200000000001
"128",128,"f11",500,100,5,0.5,0.5,3.75224860091075,-15.4671086522285,-28.0914182541892,-39.1425711102784,4.02157064527273,-93.7031467110501,0,0,0,0,0,38.8899999999999
"129",129,"f11",1000,10,5,0.5,0.5,53.7115340507072,-71.1435230914503,34.9236245965585,-58.6509289685637,-307.02759004198,-327.586517116288,0,0,0,0,0,9.40000000000009
"130",130,"f11",1000,30,5,0.5,0.5,3.42555360801651,12.8986384836026,-5.76575518352911,34.0635841945186,72.9318542984402,53.4372009336948,0,0,0,0,0,25.3000000000002
"131",131,"f11",1000,50,5,0.5,0.5,3.950163685444,1.10401939673466,-25.7851602276787,-39.7931251831324,-98.0905363743659,9.21665641071741,0,0,0,0,0,39.1399999999999
"132",132,"f11",1000,100,5,0.5,0.5,1.47353382304376,-28.9818136050599,4.99023939482868,-17.0918333809823,-27.7869818732142,22.2538945265114,0,0,0,0,0,75.46
"133",133,"f12",100,10,5,0.5,0.5,7688379.21412364,6.49382940027863,-11.8474239599891,-14.9025717342738,6.10619252547622,26.6196259181015,0,0,0,0,0,1.0300000000002
"134",134,"f12",100,30,5,0.5,0.5,1283765.8105188,7.24163872655481,5.93324012734229,-19.6652358048595,11.1871159097063,-18.0058566154912,0,0,0,0,0,2.79999999999973
"135",135,"f12",100,50,5,0.5,0.5,9.78741444470072,-1.14280752022751,0.0126297236420214,-9.24338204786181,-4.36253654770553,-1.37922970461659,0,0,0,0,0,4.94000000000005
"136",136,"f12",100,100,5,0.5,0.5,6.88758471859948,2.97151135455351,-1.26945960801095,-3.80835544783622,1.76280958112329,-6.28667698474601,0,0,0,0,0,8.98000000000002
"137",137,"f12",500,10,5,0.5,0.5,4184299.33647616,7.43773835711181,-11.9879625388421,-4.73086118045103,24.0516131394543,17.299302702304,0,0,0,0,0,4.97000000000025
"138",138,"f12",500,30,5,0.5,0.5,25.8045299702679,-4.70175561931683,4.37418695073575,-1.20921899579116,-10.1458495177212,-8.09474258567207,0,0,0,0,0,13.8099999999999
"139",139,"f12",500,50,5,0.5,0.5,3.32650957540714,-1.30261867889203,-8.98309031617828,-1.05339684232604,0.27896676765522,-2.00404170464026,0,0,0,0,0,21.3600000000001
"140",140,"f12",500,100,5,0.5,0.5,1444.64591101591,7.63602128936327,11.9385486614192,-1.36320601777697,-3.85565280448645,-3.67166969936079,0,0,0,0,0,39.6699999999996
"141",141,"f12",1000,10,5,0.5,0.5,32358.5622220077,-0.793729640309948,-3.44235806915094,12.1367903717328,14.1677229985362,9.85878682637349,0,0,0,0,0,9.5300000000002
"142",142,"f12",1000,30,5,0.5,0.5,7956545.39635128,10.9822055557743,13.750550779514,24.7470480506308,-23.2638218440115,-15.7777667162009,0,0,0,0,0,25.6599999999999
"143",143,"f12",1000,50,5,0.5,0.5,3.67316957159785,3.33267191890627,-1.48301103292212,1.81964613111631,-0.951944649546022,-6.34182072244585,0,0,0,0,0,39.6700000000001
"144",144,"f12",1000,100,5,0.5,0.5,29.6611588007642,6.57498422369827,-8.74898546608165,6.79395147417381,-9.54433880688157,3.92249823198654,0,0,0,0,0,76.6100000000001
"145",145,"f13",100,10,5,0.5,0.5,9780104.53262584,17.2714127809741,12.4848097329959,21.3798531214707,-2.26743663661182,2.95331488596275,0,0,0,0,0,1.03999999999996
"146",146,"f13",100,30,5,0.5,0.5,50462.532634675,6.97894585318863,-6.77950901445001,5.01179513521492,5.47376336762682,9.67800670186989,0,0,0,0,0,2.76999999999998
"147",147,"f13",100,50,5,0.5,0.5,463131.030908491,-2.95408608290018,5.19621515704785,-5.01149609335698,4.68050311210391,13.2492873701267,0,0,0,0,0,4.75
"148",148,"f13",100,100,5,0.5,0.5,4.46535035746406,-1.53463236056268,-0.685718556633219,-2.27681308751926,3.54429965373129,-0.448385393247008,0,0,0,0,0,8.69999999999982
"149",149,"f13",500,10,5,0.5,0.5,935552.85393577,3.6475827510003,6.83977111657441,-14.8316741222516,-3.21199533250009,3.04172576161363,0,0,0,0,0,4.73000000000002
"150",150,"f13",500,30,5,0.5,0.5,90.0637226366633,4.11058638710529,5.95071981078945,0.815032178070396,0.97522077121539,-3.43264332623221,0,0,0,0,0,13.6000000000004
"151",151,"f13",500,50,5,0.5,0.5,2967584.43758375,-0.196702289395034,8.40150926323986,-17.9006366466638,11.3216493598884,8.96242600865662,0,0,0,0,0,21.3099999999999
"152",152,"f13",500,100,5,0.5,0.5,1.88209507159933,3.46033838577569,-0.0915298936888576,-0.52851688519695,0.716058973648614,2.30230509336025,0,0,0,0,0,39.3899999999999
"153",153,"f13",1000,10,5,0.5,0.5,117088.922997131,10.8494221814908,2.9329246593079,2.37877274266793,2.28415045421571,-4.51259999335889,0,0,0,0,0,9.40999999999985
"154",154,"f13",1000,30,5,0.5,0.5,1061668.03093187,-2.04674719134346,-0.676711904816329,-6.30690486068488,-15.1498995255679,-3.57805173007364,0,0,0,0,0,25.0599999999999
"155",155,"f13",1000,50,5,0.5,0.5,11.0392888918349,-4.44136476144195,5.05599921416433,-4.4184573343955,-2.37935770128388,0.959047402056967,0,0,0,0,0,39.9200000000001
"156",156,"f13",1000,100,5,0.5,0.5,11.9000470819812,-1.28728862837306,-2.66549600055441,-3.76960861904081,-3.86669474246446,-1.24035482294858,0,0,0,0,0,76.2799999999997
"157",157,"f1",100,10,10,0.5,0.5,4039.40047961469,4.99895135872066,-50.3377231769264,-3.32880108617246,14.4632096169516,-13.1794518791139,24.5693567674607,-13.9990019146353,5.28942113742232,-13.0395185668021,-9.43021327257156,1.38000000000011
"158",158,"f1",100,30,10,0.5,0.5,9386.56611174203,-0.560621381737292,5.96743240021169,-18.4452034765854,-33.0666751135141,-53.0432381317951,24.6913800248876,-11.1420962959528,33.2127534260508,56.9877543952316,-4.35019787400961,4.17000000000007
"159",159,"f1",100,50,10,0.5,0.5,10611.3383454914,-25.0674911309034,-45.4234356671805,-58.7105163838714,18.868683394976,15.8568249316886,-2.88396012037992,51.4020569215063,0.0859904102981091,21.5769709495362,27.3718492360786,6.73000000000047
"160",160,"f1",100,100,10,0.5,0.5,5098.89363412829,7.0749647449702,-2.97795112710446,38.7132466188632,17.9510060697794,-21.1811990011483,-4.17996789328754,1.0958245024085,44.1921657184139,-19.3150533479638,-20.6320450175554,12.0699999999997
"161",161,"f1",500,10,10,0.5,0.5,10575.7487267649,-16.7685012798756,22.3761413712054,29.4236962217838,3.73472438659519,-45.7977280761042,-3.94111569039524,1.49813841562718,-80.608126334846,-0.264634774066508,-17.3557930393144,6.89000000000033
"162",162,"f1",500,30,10,0.5,0.5,7864.93465313337,21.5356250409968,5.85098346928135,25.3499317215756,3.94172616070136,-4.41148774989415,16.2078013221617,48.4987521311268,-29.8954887257423,-38.7255634646863,-41.000838263426,18.8199999999997
"163",163,"f1",500,50,10,0.5,0.5,6595.72417274961,-42.7727629694346,-32.7988836128497,-17.0351083273999,4.04764861450531,5.4798041615868,4.16351088715601,3.76321177609498,-18.6802343552699,47.9507175739855,25.9638685209211,29.25
"164",164,"f1",500,100,10,0.5,0.5,3783.47031809072,-7.60344839654863,28.0151227954775,-28.7497068755329,1.54612152837217,-18.673646193929,-15.6972105265595,-30.4747092537582,22.536661894992,-8.31432359700557,-3.32116805948317,55.5300000000007
"165",165,"f1",1000,10,10,0.5,0.5,14023.0571846528,0.670493821962737,-11.1680309288204,-14.0314244461479,19.6277434821241,-46.6490422084462,22.9331207927316,58.4823779528961,-75.0160963041708,-31.5751847578213,-23.8557503587799,13.4200000000001
"166",166,"f1",1000,30,10,0.5,0.5,5904.94617130106,12.471297790762,-1.98429140727967,20.8046038664179,-1.21078486554325,-13.6929596192203,39.8583134752698,-2.40503557142802,-57.6057774596848,-1.45680515561253,14.4451922096778,34.75
"167",167,"f1",1000,50,10,0.5,0.5,5682.37927975756,14.5181940402836,-8.04280584416119,-24.0049586049281,24.1650986019522,-7.10249568801373,-9.38620817032643,41.388865117915,40.0972625706345,-28.0003079678863,-1.82547285221517,55.5999999999995
"168",168,"f1",1000,100,10,0.5,0.5,2905.68122003801,3.97931528277695,-14.7771533811465,1.41805795719847,-31.3702245242894,-4.99038901180029,-33.443356724456,-8.72120638377964,-8.08006338775158,-20.0147270717935,-0.286140540265478,107.98
"169",169,"f2",100,10,10,0.5,0.5,177.483591376913,4.15399740915745,15.6743885402102,-19.282629021327,5.65833527594805,0.748079033801332,-0.535669880919158,0.118606858886778,0.840110550634563,0.0506255618529394,0.901906946673989,1.38999999999942
"170",170,"f2",100,30,10,0.5,0.5,42.1057938918059,8.47608865937218,-6.19492181343958,11.7524900619173,0.614637609105557,0.372239266289398,-6.71121366787702,0.840598327486077,-4.22577855351847,6.70552253723145e-06,-2.38053302629851,4.02999999999975
"171",171,"f2",100,50,10,0.5,0.5,48.1045440914147,-8.24251968108001,-0.325682493858039,12.6441914285533,-0.475856652483344,0.896751726977527,0.515218670479953,3.99548645829782,-0.213963803835213,-0.691920826211572,-0.44532722189615,6.86000000000058
"172",172,"f2",100,100,10,0.5,0.5,17.6744023239694,-0.0407240260392427,0.634157797321677,-1.63726706057787,-4.52060188225005,0.315055018290877,2.09353768848814,1.64012093824567,-1.48665884160437,1.81549337285105,-0.530433049425483,12.0099999999993
"173",173,"f2",500,10,10,0.5,0.5,395.815764519102,1.218057484366,-4.22122169838985,3.04809661814943,-0.337755368091166,-0.22225855384022,-7.08707416430116,9.60029377602041,0.806865086778998,-0.189729268313386,2.98754077637568,6.88000000000011
"174",174,"f2",500,30,10,0.5,0.5,59.207277637815,15.4118727589957,-0.155935129150748,4.73839264916023,-2.48755286738742,0.792537546294625,0.00343748135492206,-18.5557895834791,0.00749579819967039,13.2449911021831,-1.57296620425768,18.6599999999999
"175",175,"f2",500,50,10,0.5,0.5,49.0506153085512,-0.0477574349497445,-0.875772414728999,-0.0296375283505768,-3.09359937615227,-8.91017869405914,-0.00819186214357615,8.59631180064753,3.78714269958436,21.1905168707017,-0.856889444985427,29.3900000000003
"176",176,"f2",500,100,10,0.5,0.5,26.5055482698963,-3.46296812407672,0.0973894880735315,-9.79522929992527,2.86818060092628,-2.40524413064122,-4.80522802097767,0.00359055120497942,-0.0418992241611704,1.05494645787985,1.67905148118734,55.6999999999998
"177",177,"f2",1000,10,10,0.5,0.5,30.9264142840986,7.96671026095282,-8.47099960432388,-6.72839154489338,-0.0520471372874454,0.98954854416661,-0.0209941761568189,0.711495813447982,-0.0806879904121161,0.104483604663983,-5.63510118052363,13.2799999999997
"178",178,"f2",1000,30,10,0.5,0.5,45.5845276056803,0.0344607466831803,-0.455319813918322,-0.0259365770034492,-7.61714425083483,9.90042959339917,0.247469302266836,-3.32333275255223,-3.53710236959159,0.299521896522492,15.8937286492437,34.7800000000007
"179",179,"f2",1000,50,10,0.5,0.5,17.9093365783535,-0.666272975795437,0.958664113131817,-0.374465139902895,2.35353554366156,9.42790125496686,-0.00689704203978181,-0.30801341868937,-0.380871953675523,0.674053183756769,-2.68105906201527,55.9399999999996
"180",180,"f2",1000,100,10,0.5,0.5,37.8993150746008,0.155740288901143,4.33546052430756,0.206769740907475,0.00554142578039318,-10.2425262628822,-2.30214073089883,-4.42280691378983,-2.71016190898081,0.202858606353402,-9.223821357009,107.97
"181",181,"f3",100,10,10,0.5,0.5,16152.2551580156,-44.4721636362374,-24.7669022530317,98.8542882259935,-76.5739765483886,101.668337127194,-69.0355254337192,49.6607706998475,-27.3010241799057,19.4371385150589,4.65586434584111,1.39999999999964
"182",182,"f3",100,30,10,0.5,0.5,14964.997413457,18.7989213038236,-17.7012658794411,8.0120670289034,23.2296166475862,32.495230762288,-122.893733059027,107.029804599006,-86.2961360369809,9.09765598189551,64.5466795307584,4.22000000000025
"183",183,"f3",100,50,10,0.5,0.5,8386.4112029635,24.5509130923892,-69.2037014989182,95.7113454222963,-40.7178848647163,13.2418541281368,-49.0372284701152,14.4841673318297,-16.9146748026833,59.0680979716126,-32.4072763571166,6.80000000000018
"184",184,"f3",100,100,10,0.5,0.5,5305.91744939729,20.0621873373166,-47.7492072299356,34.9838077905588,-16.2127842660993,22.4876212421805,-13.2646245707292,-41.0350119811483,47.7320395526476,-3.57381466892548,42.3981618252583,12.2299999999996
"185",185,"f3",500,10,10,0.5,0.5,7069.65920877587,-16.3724808255211,-6.34969144593924,11.8474741466343,33.7535220372956,-66.6604857455241,29.8240277217701,58.5423539334442,-64.2015582649037,53.6549686643411,-33.1761784851551,6.94000000000051
"186",186,"f3",500,30,10,0.5,0.5,12298.3014461609,-7.57514289580286,78.0992205196526,-55.3023848158773,-87.183511746116,59.9010259378701,31.1961272265762,-11.1737051396631,-36.5433693572413,29.9276561941952,-22.8710446506739,18.9899999999998
"187",187,"f3",500,50,10,0.5,0.5,8891.69408686559,-52.761812818062,23.6162800429156,77.0448409661185,-7.19821599777788,-60.2906207292108,8.53479708603118,30.5604263405257,-4.90178442414617,-28.020376105269,18.6886457733635,29.8599999999997
"188",188,"f3",500,100,10,0.5,0.5,8556.55171973147,7.52844118978828,-18.0951046524569,-45.3849877289031,83.6284830467775,-7.08965252852067,-54.7902703750879,51.9080815371126,-22.0921357162297,-32.2291535441764,71.6088003478944,56.0100000000002
"189",189,"f3",1000,10,10,0.5,0.5,3973.28607997441,-42.0441819342159,38.7576683890074,22.1580112061929,-14.56462549977,-21.1921027395874,34.7582328366116,-47.2422822087537,14.8995961193577,12.909990784101,-10.3220106859226,13.4099999999999
"190",190,"f3",1000,30,10,0.5,0.5,5729.06254281163,-4.38335326325614,-28.4038507030345,5.53790552366991,23.9714330527931,18.3000770997751,34.0396119747311,-63.0010608583689,34.0161371546856,-35.1416750760109,35.6686160841491,35.0900000000001
"191",191,"f3",1000,50,10,0.5,0.5,9858.71840190273,-20.963780162856,61.3383182284451,9.03177333602798,-22.2923258086666,-18.3652724139392,-3.96761815063655,-30.2037186105736,-8.40562538360246,82.789790147217,-67.0084687153576,56.25
"192",192,"f3",1000,100,10,0.5,0.5,5634.83096451252,35.9231473776163,-62.530781282112,12.0747700708307,58.4419819526374,-71.8480809562607,27.168873406481,-15.8403821038519,20.7541609008331,0.529924465081422,-24.7005508223083,108.38
"193",193,"f4",100,10,10,0.5,0.5,58.8103601243347,-41.5240827482194,-43.9669422572479,-44.4837843766436,-55.7730003136385,-58.8103601243347,-55.5963892140426,-22.3623472295003,50.4314623773098,5.20879224059172,9.91579947294667,1.42000000000007
"194",194,"f4",100,30,10,0.5,0.5,60.83458380308,-14.4529726239853,-60.83458380308,-30.9016873768996,-59.517618175596,19.5419488336483,45.6225594884017,8.99200736312196,-44.8888973332942,-26.8814224109519,-27.1305310772732,4.01000000000022
"195",195,"f4",100,50,10,0.5,0.5,43.5050343628973,40.625921532046,39.2306695692241,42.2420475282706,31.7668857518584,2.46370062232018,43.5050343628973,42.7468076115474,40.2533639688045,-6.25951915280893,-30.9479066636413,6.81999999999971
"196",196,"f4",100,100,10,0.5,0.5,44.8251651600003,-2.89435633458197,23.9498686976731,-19.3163996154908,36.3609946100041,41.5877056788304,44.8251651600003,25.5132887163199,21.7181451851502,31.8081345329119,7.37083767962758,12.1500000000005
"197",197,"f4",500,10,10,0.5,0.5,69.2329668439925,67.5373517988191,37.7936220902484,42.7781722588406,-48.3313688309863,-68.7976082204841,34.1757948761369,-53.15245045349,-69.2329668439925,-20.0055553097627,58.5631491732784,6.88999999999942
"198",198,"f4",500,30,10,0.5,0.5,68.1932923712338,53.9735289137752,65.2532503241673,20.4345873557031,1.98950942893461,-68.1932923712338,-58.3021336412457,50.0175277877133,52.4251130933408,-58.0378552433103,-10.4781790905918,18.9099999999999
"199",199,"f4",500,50,10,0.5,0.5,47.4332390585914,12.1843711996917,-32.7449341195461,-47.4332390585914,25.3197370282578,-1.04825904418249,-4.0404233951449,-28.2665559585439,-40.3417207553503,41.3359700272849,41.48515862762,29.5800000000008
"200",200,"f4",500,100,10,0.5,0.5,42.8643894076231,-33.1936194561422,40.0604141468648,16.5849455283023,-33.2561402115971,-33.979344915133,41.7152017056651,42.8643894076231,32.4728014413267,-40.4074061487336,-19.4411861128174,55.7599999999993
"201",201,"f4",1000,10,10,0.5,0.5,65.7678333576769,-55.2793535403907,-63.1984940730035,-54.7012500930578,1.60129715914081,-57.363601308316,-19.9170517324092,-32.5323310215026,65.7678333576769,55.7963681756519,-42.6273502176628,14.1099999999997
"202",202,"f4",1000,30,10,0.5,0.5,56.6210036922712,-28.877454015128,-32.459539611591,-51.1947525665164,51.5570712734188,50.945884664543,47.8094717669592,49.6244270121679,37.5146171889355,56.6210036922712,-44.5372199925941,34.8900000000003
"203",203,"f4",1000,50,10,0.5,0.5,56.8774676881731,-11.0406240681186,53.0211345932912,52.5148273212835,53.9069493092484,52.058638577364,-21.1675265105441,-56.5174214920262,-52.6020793076896,37.72171085322,56.8774676881731,55.6399999999994
"204",204,"f4",1000,100,10,0.5,0.5,47.7252313919962,39.489623771442,-46.2904936925042,10.8801769441925,42.3218374868156,-43.6752083071042,-31.7224069302029,-47.7252313919962,-33.7112172165689,-9.08124772831798,-36.9725801108871,108.190000000001
"205",205,"f5",100,10,10,0.5,0.5,43304323.1925645,-17.8158565191552,10.107961386675,-0.655476031824946,9.33499335777014,-14.3636267900001,7.64766317093745,20.2867183322087,18.4338985016802,-3.25363419600762,-56.3535810587928,1.47000000000025
"206",206,"f5",100,30,10,0.5,0.5,6702411.55281175,-8.05341445840895,5.23335252888501,-8.91737835947424,-2.79823637392838,-3.88695571571589,8.29751204000786,-14.3338017677888,-5.75950210040901,10.6543820723891,57.4328456784133,4.11999999999989
"207",207,"f5",100,50,10,0.5,0.5,7058314.96448283,-3.88502041110769,-8.21471460163593,15.3277556598186,8.75806967262179,9.63139263913035,5.94355097506195,-7.00053265783936,1.21259032166563,-5.09057911578566,26.5864346176386,6.88000000000011
"208",208,"f5",100,100,10,0.5,0.5,3996368.71035785,-9.6643076883629,9.0503487107344,-3.17861277842894,-6.84944218955934,-2.79003605945036,-3.31518603554287,8.54501101537608,-10.2907242206857,8.58276048093103,-5.74654671829194,12.25
"209",209,"f5",500,10,10,0.5,0.5,12041857.7716861,-18.5541891586035,-1.49669918697327,-4.04252277076012,3.06584566840684,4.43318503210321,-0.135726032021921,-0.8562988252379,2.28091165423393,-4.10296217392897,4.75362496465095,6.75
"210",210,"f5",500,30,10,0.5,0.5,6566468.06687817,6.81638666358594,15.459457367524,-4.26247317460366,1.55849480674078,1.41363662245567,-7.06728967605159,7.47722005908145,1.2746587372385,-16.1416391699095,252.850379462998,19
"211",211,"f5",500,50,10,0.5,0.5,2167060.45971062,-2.53118978012935,-3.47705662121289,-1.46424263482913,4.33080326300114,-0.285165681852959,5.52986958995461,-11.3427996612154,8.38046939112246,2.21693888073787,-6.86885022171737,29.54
"212",212,"f5",500,100,10,0.5,0.5,3219924.69642975,3.63552888273261,-3.00749033689499,12.7625784510747,6.91116986330599,4.3077380117029,4.86403556235018,-2.31918351491913,-7.49509864544962,-5.28541092993692,57.890342097453,56.1000000000004
"213",213,"f5",1000,10,10,0.5,0.5,36189453.5875781,11.2250486528501,-7.03197077382356,-3.04006465390557,13.9727584202774,11.6852554224897,23.1634454475716,5.88189949281514,-9.97769110967056,-6.06699115927768,26.1177019666229,13.7599999999993
"214",214,"f5",1000,30,10,0.5,0.5,10627662.6177512,-12.8896409086883,15.7589384168386,2.2688132309122,-2.33534255996346,6.85656246962026,4.42587908240966,11.9689802107678,-1.34245736058801,2.85086645624688,24.3344332229026,35.0799999999999
"215",215,"f5",1000,50,10,0.5,0.5,5102649.83195767,-10.3007237403654,-6.12269918055972,-10.1384252862772,-7.80314033705508,5.64309769859392,9.24918102566153,-5.53240000270307,-10.3096128813922,10.4644546809141,74.7046301385853,55.9700000000003
"216",216,"f5",1000,100,10,0.5,0.5,2369080.17405533,-5.17440911382437,-7.29776866792236,4.88887150818982,-0.208001678693108,-9.50513115618378,8.91840114374645,1.28074711421505,8.17139327991754,1.31768598163035,-47.5861587833444,108.64
"217",217,"f6",100,10,10,0.5,0.5,13050.4947958713,-19.0985056571662,-3.39784262178,10.0493288133293,41.094078210881,-1.3409627135843,-22.4448988738004,-21.3511849520728,14.2988163977861,6.54418966732919,-98.8318560644984,1.34999999999945
"218",218,"f6",100,30,10,0.5,0.5,11498.0013325326,9.11885955138132,-59.3357944715535,47.933065739926,-7.70269124768674,1.99894700199366,5.72352325543761,-42.1487136278301,56.5751470159739,21.9327839033213,-2.90686911903322,4.10000000000036
"219",219,"f6",100,50,10,0.5,0.5,10143.3021877714,53.1229890708346,-45.2596715185791,28.9218880236149,26.4085539442021,-17.3839709488675,2.68243203754537,-42.4677996314131,-20.5941558582708,20.3245193231851,-28.4428525192197,6.68000000000029
"220",220,"f6",100,100,10,0.5,0.5,3132.22283331055,29.7584265470505,-4.61831735447049,13.6038516066037,-14.3410008517094,-0.389093020930886,-6.95662265643477,20.7939612912014,28.9240254904144,-21.5769610833377,1.51329459622502,12.1400000000003
"221",221,"f6",500,10,10,0.5,0.5,10496.2190367818,-38.1389547837898,-30.5769884958863,15.6856587040238,-14.8829610647226,5.33970920369029,59.4614502508193,-17.6588256057585,-25.7535851269495,37.2346059884876,-41.9790392741561,6.9399999999996
"222",222,"f6",500,30,10,0.5,0.5,2946.48842157656,5.61123833758757,16.6713390499353,10.0206873103161,-21.6703552017862,-5.96544837098918,-23.1494933133945,10.9992303361651,-9.56107727251947,-29.6135070268065,-21.7276969458908,18.9700000000003
"223",223,"f6",500,50,10,0.5,0.5,7416.26333979357,9.96733761276118,38.9079406857491,-1.72961689531803,21.1343317947467,2.9931935336208,46.6982395300874,51.5204494586214,4.1848312914226,10.5622027302161,-14.422383881174,29.5100000000002
"224",224,"f6",500,100,10,0.5,0.5,7059.94454996548,-32.9008147120476,-7.43339955806732,8.70193148439284,-48.1282191816717,-14.7244215011597,32.2678479366004,11.9867509289179,-19.082887773402,1.2189257889986,-43.2629924467619,55.8000000000002
"225",225,"f6",1000,10,10,0.5,0.5,8514.99306166812,11.0120866149373,-2.08014484669548,-78.3186323384143,-7.54377436824143,-16.9884277231176,30.075683677569,-2.48490190133452,26.5639169607311,-11.6516368114389,13.8916172756581,13.3499999999995
"226",226,"f6",1000,30,10,0.5,0.5,8723.31602191148,33.2050955854356,-2.96076354570687,-27.0383499213494,9.29488286201376,2.50577812548727,-5.07964259013534,55.8278397191316,38.1449047708884,-46.1559642804787,0.0237885862588882,35.0300000000007
"227",227,"f6",1000,50,10,0.5,0.5,9282.88128480297,-6.82554953964427,2.91363665601239,-17.8123579826206,-19.379955471959,-66.4530446287245,-40.7073752488941,26.295402640244,16.9530058134114,-3.41669185145292,39.2177555877424,56.2799999999997
"228",228,"f6",1000,100,10,0.5,0.5,3790.56984155516,-8.27510100825322,-34.7194386005867,1.11183307599276,-13.4232811731636,-22.4810786799935,-5.22759451996535,12.0231419918127,33.3425044067553,-6.93155170702084,-23.7489020917565,108.32
"229",229,"f7",100,10,10,0.5,0.5,2.88291595759425,0.489972580373287,0.492259719967842,0.709760150313378,-0.283689187169075,0.0521215379238127,-0.234870125055312,-0.0615240358561276,-0.0361857804656028,-0.517474343776703,-0.49623122703284,1.34000000000015
"230",230,"f7",100,30,10,0.5,0.5,1.13417075350422,-0.337011585235596,-0.434207035303116,0.369692278206349,-0.232050134539604,-0.0742875236272811,-0.136096916086972,-0.232364389300346,-0.458050575703382,0.295020495243371,-0.00121647059917462,4.1899999999996
"231",231,"f7",100,50,10,0.5,0.5,3.8810244032842,-0.130133287906647,0.171511191129684,0.648707379223779,-0.240505016297102,-0.0506522592902183,0.00964969366788848,-0.131199724078178,0.261693602800369,0.318068422079086,0.713677157312632,6.68000000000029
"232",232,"f7",100,100,10,0.5,0.5,3.18572949369669,0.658074457272887,0.872123718261719,-0.650883972942829,-0.567882426977158,-0.133304543271661,-0.0200916650891303,0.317526758313179,-0.29154444694519,0.371236315071583,-0.0988846075534821,12.4200000000001
"233",233,"f7",500,10,10,0.5,0.5,7.53865411589203,-0.835849806964397,-0.10462875559926,-0.118975254297256,0.112611179202795,0.269867849349976,0.214794912040233,0.664142096340656,-0.121258336529136,-0.887319724559784,0.244025510549545,6.69000000000051
"234",234,"f7",500,30,10,0.5,0.5,3.06707062167073,0.964940040707588,-0.320345221310854,0.610806013066322,-0.0750111193954945,0.108426240831613,0.304404383301735,0.462634086310863,-0.600576995443553,0.38971876218915,0.0740620046854021,18.9700000000003
"235",235,"f7",500,50,10,0.5,0.5,2.88536127093371,1.13986743032932,-0.385036313831806,-0.340617487719283,-0.287764565050602,-0.431358521878719,0.251425882577896,-0.314957118034363,0.446612369418144,-0.131542926430702,0.382201606631279,29.7199999999993
"236",236,"f7",500,100,10,0.5,0.5,2.33170887725605,-0.350348936617374,0.201256694346667,0.112411772664636,0.323965611383319,0.22888531666249,0.650441342741251,0.504371036291122,-0.219096433520317,0.103820191007107,0.470619024112821,55.8900000000003
"237",237,"f7",1000,10,10,0.5,0.5,5.52772842430603,-0.458366263359785,-0.841933712363244,-0.559148367419839,0.104101250767708,0.712447899430991,0.263307499438524,0.543593014571816,0.39013198510278,0.326873569190502,0.606114975512028,13.3599999999997
"238",238,"f7",1000,30,10,0.5,0.5,1.0759361709543,-0.011418969882653,0.704382553994656,0.366138712158427,-0.31541150880512,-0.279786862656476,0.0570713569223882,0.262765628695488,-0.210168972164393,-0.151392069160938,0.181214955449104,35.0300000000007
"239",239,"f7",1000,50,10,0.5,0.5,2.94529504632592,-0.907688428163528,-0.735958321746438,0.664504695981741,-0.254740244941785,-0.632737257676199,-0.0512703958677595,-0.0339229417592287,0.328433939367533,-0.273193956911564,0.132566717208828,56.2999999999993
"240",240,"f7",1000,100,10,0.5,0.5,1.3085634260997,-0.578731143772602,0.59372608602047,-0.441729458523914,-0.431915327236056,0.0498248723149299,-0.0181552655249835,-0.0528249341249465,0.122631604075432,0.4011754155159,0.243359689712524,108.87
"241",241,"f8",100,10,10,0.5,0.5,-34991.2240862328,5782.45904073719,3436.98055640198,708.163771510954,-1037.59029612279,-8664.98916135606,673.989256207165,4171.83254061501,14685.7191292925,-204.825900965261,-2313.59713249731,1.41000000000076
"242",242,"f8",100,30,10,0.5,0.5,-56567.5665506105,674.686790610394,2555.21441854727,-5294.67365049595,8468.29175657713,-2341.23731991167,-12548.1869893574,27228.857626824,440.012194869269,-18669.7753638605,-985.543707021407,4
"243",243,"f8",100,50,10,0.5,0.5,-179594.761174924,-13893.7014648833,13229.8022660152,31335.3205591059,43799.4506670923,46840.6597383489,-16803.4878960236,-24342.3680266013,13205.7882544614,-30173.4163812706,-1509.63736235684,6.52999999999975
"244",244,"f8",100,100,10,0.5,0.5,-71735.1545572827,-8298.2978490997,304.432179926926,14552.9248875222,-15640.2392188309,43393.3610989782,-7451.9580961487,1587.44667645988,-3577.18376063224,-922.407857236522,-5334.28339905004,12.0599999999995
"245",245,"f8",500,10,10,0.5,0.5,-358050861.893814,55101049.5755011,159381051.161589,44234619.8656468,61743160.3018419,-58963007.8970455,-147952938.108407,6558714.81237064,-37427199.4376036,90895725.0099654,-62449526.4503438,6.67000000000007
"246",246,"f8",500,30,10,0.5,0.5,-12427830100.9523,-488252118.598683,1608763186.87954,-1796972332.65216,-1631085671.49436,-683467376.037466,-3437826975.73763,-391211009.580835,2270818265.34173,3039402736.50259,-925804627.180524,18.9900000000007
"247",247,"f8",500,50,10,0.5,0.5,-4605682518.24871,-100181432.092175,-976238343.693006,404611481.712322,1757973225.24745,-143793762.839044,-995613125.410584,1411957489.91396,-580544598.300046,-980079592.920733,348264072.786694,28.9499999999998
"248",248,"f8",500,100,10,0.5,0.5,-19872929816.0789,8612754882.68496,30444081.8893526,4326419075.52398,-3054907501.87162,-2819272061.4005,1116589001.83066,464934644.401125,1926961443.48536,5416461168.15151,-1931549485.23787,55.1399999999994
"249",249,"f8",1000,10,10,0.5,0.5,-10080670288941872,-1692168996961368,-1236559969655606,-65672683681158.8,3999654176134870,-1394963300391260,-753902016773815,586100286107431,-5217705877781337,166663581900361,383637869227995,13.1300000000001
"250",250,"f8",1000,30,10,0.5,0.5,-377494363623490,7021664344287.65,-76967881002491.3,-27243672051545.2,123182877738094,-72219858947846,93991325964479.9,38620714297072.4,95765395644264,21841359912006,-34547113037526.5,34.6500000000005
"251",251,"f8",1000,50,10,0.5,0.5,-32452895016140872,7865739499586712,1629183507002510,-1290989487198641,7677469312828150,13786315443405992,-2658432784060621,6088954596062302,-2757626441891123,381187100473921,-18328837130317156,55.1300000000001
"252",252,"f8",1000,100,10,0.5,0.5,-342668799634063104,-3417940439815663,-47355155510752664,37354918610272664,58203949195270256,10075714346556648,-59419090472905024,-47015486935814128,-49369393490836520,63169281406692288,-80986978585581264,106.639999999999
"253",253,"f9",100,10,10,0.5,0.5,123.713069573793,-0.618629668951034,-2.02673444271088,-5.05081233978272,-5.0690147793293,-2.82767480134964,-2.05611318588257,0.865218907594681,4.15573128938675,1.01006452560425,2.01400763273239,1.34000000000015
"254",254,"f9",100,30,10,0.5,0.5,89.8892975367867,-0.735673499107361,-0.0237093883752824,-0.994692083299159,-2.68648587703705,3.05419901132584,-1.8914674115181,0.772038625478745,-2.21285604059696,3.12885658025742,0.830743896067141,4.07999999999993
"255",255,"f9",100,50,10,0.5,0.5,104.037324780041,4.12243487119675,-2.67573803663254,2.07933087944984,-3.13369433164597,-3.93934980928898,1.73153262734413,-0.0705285835266114,1.0543854868412,-0.930494563579559,-2.96580380439758,6.65999999999985
"256",256,"f9",100,100,10,0.5,0.5,87.7528941856834,3.30124712824821,4.24793374538422,-0.173238021731376,-1.8551809668541,-1.0400283819437,0.0783962392807014,1.98689062714577,0.850665991306306,-3.07690508842468,-0.0745407557487487,12.2799999999997
"257",257,"f9",500,10,10,0.5,0.5,72.1967553804858,2.86380695104599,1.21416846752167,-1.07579922437668,1.13002148628235,-2.83639116287231,-1.09802978277206,0.885482084751129,3.31978884220123,-0.00499389201402634,-0.0275205868482592,6.74000000000069
"258",258,"f9",500,30,10,0.5,0.5,88.684365696776,0.974609310030937,0.0127875995635982,0.0410324168950349,3.19239148497581,-1.19644726276398,3.98163891255856,-5.07637081682682,-2.0532000939548,3.11927156180143,-0.90748412698507,19.04
"259",259,"f9",500,50,10,0.5,0.5,79.8462078063683,-1.99914180874825,-0.132142794132233,-1.03065809249878,-1.99722113549709,0.116549752801657,-1.84419486522675,-5.02908765077591,2.05584301032126,-2.23373638987541,-3.12467781335115,29.71
"260",260,"f9",500,100,10,0.5,0.5,77.84248855024,-1.10405428767204,3.99280936520547,-0.0193351885676383,-0.847992415428162,-1.01394274279475,-1.8873414850235,-1.80962987482548,3.88517201706767,2.94827966794372,3.06258648725692,56.1399999999994
"261",261,"f9",1000,10,10,0.5,0.5,99.7530190962558,1.19923252820969,-2.00799633949995,-0.908826986551285,2.76727500200272,1.18418201208115,-1.04772117137909,2.2644956664741,-3.2156312251091,-3.94699825763702,2.95593101203442,13.0900000000001
"262",262,"f9",1000,30,10,0.5,0.5,85.7709875443062,-4.06239325776696,0.020401796102524,-2.92945752233267,2.1557935833931,1.06237096011639,0.0526969850063317,0.916902798861265,-0.854998406171799,4.38289885342121,1.98855922043324,35.1400000000003
"263",263,"f9",1000,50,10,0.5,0.5,83.1051503631494,-2.38190521717072,-0.870725086927414,-2.95092784464359,0.0241885823011396,3.99040064826608,-1.85861607551575,4.01823567390442,1.11494554281235,-0.0671324157714841,0.89325142621994,56.5
"264",264,"f9",1000,100,10,0.5,0.5,61.9580114666467,-1.99282823771238,0.111210696697236,-1.96012136116624,-1.75932207345963,2.99882522702217,-0.0731912922859186,2.07135376572609,1.06974460750818,1.99122752547264,4.07153628110886,108.78
"265",265,"f10",100,10,10,0.5,0.5,19.2187850340201,-2.29623790085316,-3.02178226411343,6.6785975722596,13.0979940798134,1.83471829863265,-14.2914741523564,-14.8045986434445,-0.0227170847356319,-22.9926011189818,6.58167457091622,1.35000000000036
"266",266,"f10",100,30,10,0.5,0.5,18.7539027840406,4.85831667482853,0.847425039857626,-9.7947431653738,-11.7850177288055,-14.7426665658131,10.3872035443783,-18.1404504957609,6.03063906729221,10.8323802798986,-4.97144360840321,3.97999999999956
"267",267,"f10",100,50,10,0.5,0.5,17.2970240775815,-2.71750830556266,-0.34503721143119,3.92092785611749,8.00317754223943,-14.8796124905348,-9.03029072284698,-7.305728783831,-7.15822134912014,9.30698579549789,-6.76123919524252,6.67000000000007
"268",268,"f10",100,100,10,0.5,0.5,17.0442237140682,-7.93605473992648,4.96334412693977,-5.45949412928894,11.9592074900866,5.73160953074694,7.38144782930613,5.67508658021688,5.39209254086018,9.65754577517509,3.29893185151741,12.1599999999999
"269",269,"f10",500,10,10,0.5,0.5,20.1340984316556,2.23355442285538,-20.7448627352715,24.4961908608675,-8.35095439478755,2.42058092262596,13.4042810008978,-3.96369873732328,-9.63162750378251,-7.84829647513106,6.95344199376996,6.86000000000058
"270",270,"f10",500,30,10,0.5,0.5,16.6754316194888,-11.4261029213667,-6.42890532314777,-9.87130959704518,5.80213180556893,-4.21475573629141,-3.56930332444608,8.15992177650332,4.74319603294134,-0.424770750105381,5.82013355195522,19.1399999999994
"271",271,"f10",500,50,10,0.5,0.5,19.3892936661894,16.0399061590433,1.56178741157055,-2.79704626882449,-5.91836846992373,-13.0701013207436,-13.1529048457742,4.4379761852324,-3.48252511816099,24.2128796968609,-1.00583121925592,29.5500000000002
"272",272,"f10",500,100,10,0.5,0.5,17.169616944636,-0.223265560343862,4.94224215298891,-2.08279486000538,-1.08803376369178,-3.29468080401421,6.78229610621929,-1.57053082436323,-13.4862376004457,4.97423785924911,16.6875291541219,56.2699999999995
"273",273,"f10",1000,10,10,0.5,0.5,19.9091518938704,12.5627604238689,20.5441115312278,7.24684052169323,11.8874926641583,-0.934728614985943,18.8739980608225,-6.98626668006182,9.19885106384754,-7.03645431995392,-16.490994900465,13.6999999999998
"274",274,"f10",1000,30,10,0.5,0.5,18.7369782164858,3.11921911826357,4.52717782557011,11.7075487338006,-1.27724914066494,3.45525568537414,21.2624142169952,4.7729045599699,-10.1446057909634,-9.99234315752983,5.66225784271955,35.2300000000005
"275",275,"f10",1000,50,10,0.5,0.5,14.167733216609,1.81608095765114,-1.33353707194328,4.56466802954674,4.21376566588879,10.3421510756016,2.17463088780642,6.08197996020317,-3.5186652392149,1.10462309420109,-6.03598585724831,56.2200000000003
"276",276,"f10",1000,100,10,0.5,0.5,17.5920810508166,9.32430460304022,14.9663804622833,4.98687278479338,1.83436784148216,-9.40482924715616,4.91893395641819,-12.9614951387048,2.90987170720473,9.18274997267872,4.28047694265842,109.56
"277",277,"f11",100,10,10,0.5,0.5,180.306624640193,209.742706920952,378.24135721894,-336.430178582668,105.793117010035,-119.240010506473,-503.458795964252,-283.424531389028,-97.708671586588,-219.810299074743,11.2416575109819,1.38000000000011
"278",278,"f11",100,30,10,0.5,0.5,79.6683487128907,42.2942175529897,337.092540320009,-125.915916636586,42.7765720523894,-171.783376950771,-211.952899117023,5.08208479732275,-276.25273251906,132.151098735631,115.450945403427,3.97999999999956
"279",279,"f11",100,50,10,0.5,0.5,70.4872694713866,-36.4300552289933,-69.5037542609498,-45.5531842184428,-95.5954934237525,-257.113714423031,-117.006404371932,72.8153210598975,115.117962495424,347.495517879725,-203.647610801272,6.59000000000015
"280",280,"f11",100,100,10,0.5,0.5,93.6228984664696,-166.653375327587,160.362664517015,277.132315791096,75.7501838961616,106.262142187916,194.858942739666,-53.2974287867546,-114.142836118117,301.952123176306,-278.81696484983,12.2699999999995
"281",281,"f11",500,10,10,0.5,0.5,89.4178380558833,174.042857461609,-137.481088761706,70.2714251296129,-279.738976154476,36.3246830063872,243.319581309333,-273.976337537169,133.893646672368,-259.202590292261,-24.227230832912,6.83000000000084
"282",282,"f11",500,30,10,0.5,0.5,104.508294791701,-97.7962947101332,58.2532816333696,383.796376548707,-250.905385566875,-97.6861354429275,259.963434655219,287.502689799294,-20.1199625618756,-156.35612164624,-78.5888307960704,19.1699999999992
"283",283,"f11",500,50,10,0.5,0.5,47.1895786809485,157.865976565517,-84.8626398830675,204.291056469083,-58.2241390045965,-224.685267743189,-88.3159118006006,-68.0482818279415,192.056113004219,82.2895931756648,30.5913598334882,29.6499999999996
"284",284,"f11",500,100,10,0.5,0.5,43.9682176188502,14.8630138894077,38.0282950820401,284.461282007396,-120.456290437141,19.9009340853081,25.6228555779671,-108.994224321214,67.4864461412653,211.676616501063,111.719007661304,55.9400000000005
"285",285,"f11",1000,10,10,0.5,0.5,108.76022228541,-304.634392567095,-152.306265463267,-276.569209565059,205.707213354981,-31.0706455435138,-129.8733935575,-287.175901466981,138.543207384646,31.8055408701184,275.191915640607,13.1399999999994
"286",286,"f11",1000,30,10,0.5,0.5,84.7948661074133,-82.4908915565175,-11.1948734013822,-281.538244988769,26.6645420775603,312.502721941019,-43.3697635307908,195.286795177526,-251.461533643305,-215.753559521181,28.5710086114705,35.3400000000001
"287",287,"f11",1000,50,10,0.5,0.5,50.9286679293577,117.421108111739,-55.7319304556586,-73.6611667089164,-51.0473986621946,189.961744844913,187.346764102404,65.0692316630739,-295.801660045981,5.42117287404835,-108.830535714515,56
"288",288,"f11",1000,100,10,0.5,0.5,60.1266466238843,137.487257165776,10.9666159769176,-214.005537460616,188.373887225316,324.135597283021,-4.52693563420326,-123.624906968325,117.61494968523,-34.979368626955,27.6436985819601,108.77
"289",289,"f12",100,10,10,0.5,0.5,40593020.3828903,18.4608345007291,2.97168018296361,-6.61071906797588,-28.6399956326932,-8.19434535223991,-18.9876015880145,-6.07547543477267,-32.5735912192613,19.309487924329,-18.9398715971038,1.42000000000007
"290",290,"f12",100,30,10,0.5,0.5,12531343.4601302,-23.225482313137,-3.18872782518156,-4.09459073562175,-15.0168212130666,-15.1541547034867,-27.3214146494865,7.85814908449538,13.5332824778743,17.5220613076817,10.2763621514896,4.09000000000015
"291",291,"f12",100,50,10,0.5,0.5,3095822.10400578,18.4866214985959,21.6741916490719,18.4625507332385,-8.52009161899332,-5.97682438092306,-2.0019055576995,6.70413849293254,16.7312211822718,-11.9094356021378,1.21147960890085,6.64000000000033
"292",292,"f12",100,100,10,0.5,0.5,1556017.13235113,-6.85608494095504,-10.9093307546573,15.3003287268803,15.8073072336265,16.2236463278532,-10.7493462273851,-3.50949761923403,16.882586304564,12.4796598684043,-19.9617923353799,12.4099999999999
"293",293,"f12",500,10,10,0.5,0.5,18747105.4410787,-8.70751109905541,-10.0862572609913,-29.3571162677836,-23.6703633796424,2.90225696517155,20.4427581367781,2.09610516321845,7.58605460750914,-4.56685454337276,-13.9941248053219,6.72000000000025
"294",294,"f12",500,30,10,0.5,0.5,32898439.1708456,-25.2700167038711,2.83961227396503,23.6673141131178,-29.0883917245083,-4.99939920628094,17.6900217687944,-3.44808798690792,-16.2125029375602,26.9059974933043,21.9336235022638,19.4499999999998
"295",295,"f12",500,50,10,0.5,0.5,509158.651112051,13.3223937744333,15.451279982517,-13.2718766399194,10.3471514041303,-17.8782234026585,-0.296341407374712,-12.147921473661,5.38542000576854,13.1404144281987,-2.22897022031248,30.0199999999995
"296",296,"f12",500,100,10,0.5,0.5,154441.05073093,9.52735624741763,-9.41435771237593,-5.58327969629318,14.6420794306323,-9.6262468257919,-2.77119816018967,-10.2014995791251,-1.0648828727426,-15.6207440886647,-13.0039644544013,56.5100000000011
"297",297,"f12",1000,10,10,0.5,0.5,76893175.9866677,-24.5090599986725,16.1438999435632,-5.58217506040819,-11.1164252040908,10.6984750658739,-36.9857027311809,11.3009399385192,-13.4824457316427,30.9522925526835,1.43447588488925,13.25
"298",298,"f12",1000,30,10,0.5,0.5,5809024.94686007,9.79878708394608,-16.0446955698717,18.4460503236551,-10.004769708712,-9.19639235944487,23.7654201919213,15.5211489007343,-1.42863791406853,16.2602910873829,20.7377773913322,35.4699999999993
"299",299,"f12",1000,50,10,0.5,0.5,4352390.1311479,-22.6462633349001,-3.77276748364466,19.9923703330569,-11.8175658164546,5.69927621399984,-4.08633612387348,19.4070629982889,-13.379321503453,0.600142311304808,11.3163053960307,56.4400000000005
"300",300,"f12",1000,100,10,0.5,0.5,2824906.95494521,12.332720599079,12.1579185841256,-18.4256669832394,-9.02537104416865,10.9885610610945,0.714096729643643,22.3356217873516,1.6354423656594,-10.3198494762182,10.345341311222,110.01
"301",301,"f13",100,10,10,0.5,0.5,53956772.1473712,14.9623958976008,26.5479233930819,-18.9924656413496,25.7883014157414,-14.6102156736561,-4.543555303826,11.436200098251,-14.4481393566821,-0.457196973729879,21.313307309174,1.35999999999876
"302",302,"f13",100,30,10,0.5,0.5,129024081.575421,-17.548835137859,19.8268512380309,1.85815381555585,-17.7915794134606,3.00203514634632,7.53201572224498,7.9198791354429,-23.2579178817105,36.1890965607017,24.0910879976582,4.05999999999949
"303",303,"f13",100,50,10,0.5,0.5,25555134.95774,1.97744570323266,-10.2660482050851,-19.535070634447,19.9786246754229,-22.8647041076329,-20.5089251510799,-2.69399421522394,-8.15841290750541,-1.63137452327646,-0.47140276292339,6.68000000000029
"304",304,"f13",100,100,10,0.5,0.5,14733183.2835269,-17.3061226028949,-7.00213795062155,-1.28495606040815,18.9410516948556,-1.50955314747989,14.9312648194609,12.5082418482634,18.3672102459241,19.2962715169415,-3.49380391999148,12.3400000000001
"305",305,"f13",500,10,10,0.5,0.5,67813824.377324,8.91602976771537,1.36489256547065,-14.7871527220559,-11.8065452094015,-8.02969412684433,11.0077970977727,33.3991871331818,8.21050044760341,13.3290154844872,-14.9515361525118,7.14000000000124
"306",306,"f13",500,30,10,0.5,0.5,80490297.1103406,-31.4837313722819,19.0736655567889,19.8057401459664,18.5263504434261,22.2601558780298,1.18308877244999,-22.8017480952985,6.6078877869586,-11.5794868208468,-10.8022184344009,20.0100000000002
"307",307,"f13",500,50,10,0.5,0.5,77601107.8528955,7.96215595619287,-13.5304078452464,-1.60864301142283,10.7200583675876,-9.11906657856889,-33.4708319511265,-20.3340011066757,-19.2736875731498,-16.1448156301049,4.93855837994488,30.0500000000011
"308",308,"f13",500,100,10,0.5,0.5,21787259.4205713,-9.21380218569539,4.99946261370496,3.87177986704046,11.7165532370564,-5.39625221863389,-16.7745731261675,9.036623625434,-24.4498928717803,-19.2954696714878,-15.2781888609752,56.4099999999999
"309",309,"f13",1000,10,10,0.5,0.5,45690671.0745822,6.57566870449955,-28.7846335326321,12.4900417260896,-12.7521530230297,4.34521173228859,1.56727856483485,-23.3737548467616,-15.5985875651822,12.7044189142907,0.558570491557475,13.1899999999987
"310",310,"f13",1000,30,10,0.5,0.5,18570485.8223504,-17.4532983393874,4.49148231127765,-21.0445208358578,16.702010598965,-19.7498252615333,-9.58590121008456,13.967274397146,-13.9066052157432,-10.1849293219857,-16.1352478957269,35.2700000000004
"311",311,"f13",1000,50,10,0.5,0.5,15536644.6667991,-13.2347192178713,-24.2359073017724,12.1152464533225,14.5144301000983,7.18314960831776,6.54253314714879,-11.8667144844949,10.1005166536197,8.58024247572757,-4.83206228782365,56.6900000000005
"312",312,"f13",1000,100,10,0.5,0.5,3408020.43316992,-7.43765726883723,-8.93579873645649,-0.156992209031159,-3.76142502427683,-15.0938983308151,14.8164288839325,12.0705006425851,-2.49783227336593,-0.576146915773279,-15.386370383203,109.83
