"";"fungsi";"iterasi";"populasi";"numVar";"numMemeplex";"frogLeapingIteration";"optimum";"X1";"X2";"X3";"X4";"X5";"X6";"X7";"X8";"X9";"X10";"time"
"1";"f1";100;10;10;5;10;2293,57173664848;20,7791826873104;-16,9933574145057;11,4883151772744;-16,7006370690123;-0,807816162034397;14,7347817132997;-6,61938192392862;8,65379118945544;14,4390288586161;-24,8429911781925;5,87000000000012
"2";"f1";100;30;10;5;10;96,8979500639612;1,6374975021181;0,782486976587008;0,0133092861749348;2,68129487072831;-6,55689639344866;5,14676537112408;-2,68756908575348;-0,813861320161438;1,7526022027445;2,44451434543917;5,81999999999994
"3";"f1";100;50;10;5;10;18,951388933739;2,16701311833129;0,998354648246113;-0,723745994061733;0,172824206580347;-2,14159569258701;0,480080882948409;0,645193742484067;-0,514209453584789;2,12524784928438;1,64035974459258;5,75999999999999
"4";"f1";100;100;10;5;10;0,425486167019515;-0,211481334637372;0,170384896000989;0,0330604300395594;-0,0727100389419831;-0,358530796115761;-0,13950116473964;0,129083724403778;-0,0925756084355076;0,0937054213873156;-0,404144273285235;6,3900000000001
"5";"f1";500;10;10;5;10;586,326100498467;-2,46881751332032;14,0399907031526;-2,57156645308105;11,2970684121044;6,34919500801297;7,8273917734888;5,54043775228456;4,87976423939924;2,1213214684721;-9,39596186626368;27,5999999999999
"6";"f1";500;30;10;5;10;681,811863623584;-8,65206834188866;3,14145809418423;5,07549345456968;-0,351447668180661;21,346426115201;-2,50806202353174;1,24557811607934;-8,22350755548666;-1,31478873689739;6,19145984528835;27,03
"7";"f1";500;50;10;5;10;6,01585867401878;1,12764211013356;-0,502288496247484;0,612638966162181;0,467801798793278;-0,251435940274984;-1,20910632660808;0,976245553716745;-0,580690136741319;-0,818351121758153;0,642425147816001;25,9000000000001
"8";"f1";500;100;10;5;10;2,79811448518902;-0,151681254529339;-0,509626795721265;-0,252876270599819;-0,211888451485609;1,00558851355746;0,442470260302148;0,105398999763098;-0,316082254996166;0,172983025937191;-1,02889087322388;26,29
"9";"f1";1000;10;10;5;10;1369,07164858611;-9,52576902045893;14,3587913526092;10,2657815171722;-4,12130453578493;4,11473259743781;-0,651868831988787;16,6499785248737;8,91133906488705;-1,10185262945492;-23,9704250580692;48,7
"10";"f1";1000;30;10;5;10;572,392321257297;-2,38397521839762;6,70047796265079;-0,541182711231776;6,16709763410426;-0,896268157417896;-3,63269099910829;11,8381877447696;7,26327168098018;6,94146098645997;-15,1130797922923;47,1699999999998
"11";"f1";1000;50;10;5;10;54,4045644757551;-1,11590019358659;1,74927082857641;2,26936275787296;1,07862604102103;3,90468235020392;-3,15428525713945;-0,121497307173515;-4,21445614538739;-0,822432371985188;-0,370249099764201;47,75
"12";"f1";1000;100;10;5;10;16,3532653153144;2,61293112352607;0,616457504667435;-2,11326759700821;0,530687348475929;-1,69780406715812;-1,01256552913151;0,291872720198716;0,605157395053098;0,120645320839389;-0,156586568060572;49
"13";"f2";100;10;10;5;10;6,57198096029911;-1,02077290198356;-0,781098988177507;0,114304421049104;0,540984752230877;-1,10010897863943;0,838496263171706;-0,205363634582472;0,0737909187062522;1,30610396209974;0,58568399083951;5,95000000000005
"14";"f2";100;30;10;5;10;4,03470202075528;0,378416325707274;-0,185370362751959;0,0559366888381655;0,00351696876690831;-1,16831875939059;0,97632474386403;0,0440179978473678;0,132426233718311;-0,0232828527752477;-1,06709106429867;5,79999999999995
"15";"f2";100;50;10;5;10;2,27775998928468;-0,0620748445062877;-0,0809605448022367;-0,016227376638816;0,346087178258437;-0,506968822695212;-0,725497256559707;-0,00949898054926186;-0,329623157175446;-0,072079077828735;0,128742747254295;5,74000000000001
"16";"f2";100;100;10;5;10;0,525860093464023;0,0738097390745902;-0,00532084766956127;-0,0476349203757568;0,00992786518476702;0,084973923869607;-0,0535131042410622;0,0385788300200129;-0,00538263034992815;-0,15211954267105;0,0545986900076729;6,0300000000002
"17";"f2";500;10;10;5;10;11,6906176962158;0,115837774559564;2,66055179501091;0,513701326636925;-2,07586364916721;-0,483172486914816;-0,0311987174648936;-2,69980684480069;0,139172750946493;-2,60924635951121;0,345294855526793;24,6699999999998
"18";"f2";500;30;10;5;10;3,36590841305416;0,0480214076926065;0,277928891526851;-0,213645495570568;-0,396001441651433;0,422174463812281;-0,353076512481713;0,00350430580798366;-0,962553919337146;-0,0184854618775882;0,670516442926124;24,8800000000001
"19";"f2";500;50;10;5;10;0,737942311271867;0,0953106397035301;0,0023234311445066;-0,144137379563236;0,0823706162478354;0,0710689617587103;-0,215005031958286;-0,00341400835266649;-0,013685537420589;-0,0558024354063466;-0,0548242697161034;25,3099999999999
"20";"f2";500;100;10;5;10;0,389035575721574;-0,000596809155813109;0,0111359474174134;0,000944579162109544;-0,00176265108329814;0,00459582151836908;-0,336643910627445;-0,0145599556573801;0,017129439483128;0,000427613987802195;-0,00123884762881527;25,99
"21";"f2";1000;10;10;5;10;6,09362830112038;-1,50417848096224;-0,0555105565268428;0,537838405284299;0,22469401000672;-1,81852363645175;-0,162136722502052;-0,404687715688913;1,21971311230305;-0,0250525009468062;0,141241195704543;47,21
"22";"f2";1000;30;10;5;10;4,89678060459804;-0,232502882744109;2,55093459515832;0,0428068665268946;0,155675616294608;0,815163577086658;0,0802716358289142;-0,0327606283720774;-0,00150708347714302;0,958161397899472;0,0269963179069025;47,47
"23";"f2";1000;50;10;5;10;1,22967377265669;-0,311554087006883;-0,0575882690053728;-0,00859920019372285;-0,00434245172669676;0,21767054155771;-0,000970186618454301;0,221170007090668;-0,0835086386944119;0,199391535064257;0,124878855697863;48,48
"24";"f2";1000;100;10;5;10;0,971496832097006;-0,19556609071047;0,217367379502362;0,0024747563349611;0,00359134159643934;-0,171309594377431;-0,178510077642333;0,103709105818439;-0,0897572709796202;-0,00904341004726441;-0,000167805087684257;49,8199999999999
"25";"f3";100;10;10;5;10;3067,44781531184;-29,5308894972645;23,1229211441056;-11,9511578943778;29,8895216627272;9,24719588369052;-40,4307150847434;23,3546628784632;-27,9014498603637;34,8833595550558;1,68093804971831;5,77999999999997
"26";"f3";100;30;10;5;10;451,851456987293;-11,0106575666837;18,4744542888211;-13,3817786055631;19,1920820108276;-18,9061307632714;3,26917996142825;-0,949750560289022;4,57386001960325;1,34389445560724;-5,25668396820539;6,05999999999995
"27";"f3";100;50;10;5;10;119,529384080144;0,474356299853499;-1,7543616670696;2,266235071622;0,613505938203038;-4,14630980028605;-3,61491671922489;14,3982273965469;-8,04372182818482;-1,53614049517699;1,33455677412119;6,3900000000001
"28";"f3";100;100;10;5;10;142,335445688367;-1,32880926224769;4,87645008542197;-6,87037034126578;7,21007186612771;-9,51986829408336;6,05324844715763;3,11325835580172;1,46419359547675;-10,686559304811;5,3703479004618;6,95000000000005
"29";"f3";500;10;10;5;10;1830,85057927961;-11,1341795390945;-6,68167550095309;13,2279305791005;-2,25927139048016;5,75839898963842;21,6482701035372;-43,5749675286186;17,5206411917297;14,6187374003222;6,82960187717964;25,5999999999999
"30";"f3";500;30;10;5;10;310,490094195543;-4,65242972865407;4,06259535262065;7,10823798682597;-6,62845890101618;4,75237828819458;-13,131793450516;19,6370577325476;-16,1498115688396;3,44966069592653;0,732981790424263;26,4300000000001
"31";"f3";500;50;10;5;10;356,591215372276;5,94715904939999;-4,2043304562086;-8,84388941597078;9,92233280210828;5,68309529644784;-21,3085931321132;16,0061690154803;-4,94232041799934;4,9413639277815;-3,21806075641811;27,46
"32";"f3";500;100;10;5;10;89,1283141172694;-4,74555476375428;8,73449911324697;-6,07694487446102;4,2172679566789;-4,68344504581645;2,83199636739539;0,543050086899775;-0,137448260074617;3,37081338520496;-8,25234212952517;30,3599999999999
"33";"f3";1000;10;10;5;10;1600,52312901412;-23,0367040045011;22,7853045738502;8,98470778903129;-30,5243567159313;22,1377902402163;9,14339900320521;6,84060205838226;-24,5826989800837;15,1768300990606;-13,6868933074131;48,6699999999998
"34";"f3";1000;30;10;5;10;502,455324243224;-4,5276569684166;3,11061141166848;10,2915470026553;-17,1125585141274;7,81370587755241;-1,46171809050456;11,7349910212102;-22,5643131311035;21,0022553463403;-6,79241248801237;50,5300000000002
"35";"f3";1000;50;10;5;10;234,75218296814;10,9655723554451;-11,3445691296837;-6,32712916383612;9,89004734146823;-4,2678453217436;7,31477742271725;-10,2688663245946;4,53303996760532;-1,60781116902764;2,32438320660783;52,5300000000002
"36";"f3";1000;100;10;5;10;41,4876706778509;1,40706267200116;1,14679233680018;-4,30666010334729;1,13176734859089;-2,55545044585406;6,93400106853294;-5,1572622588283;2,56419972973289;-0,533853821012555;-1,89779073112565;57,3499999999999
"37";"f4";100;10;10;5;10;29,7316832380346;-14,3689367626377;22,6130789863213;3,84864257680952;-29,7316832380346;8,22638928555883;-12,3565397059805;26,3520399915731;29,725710828513;-25,8135500365596;11,8335119662035;5,53999999999996
"38";"f4";100;30;10;5;10;12,8043151924185;12,4791732711997;-11,0223400898482;0,338688559509787;11,776579782104;12,8043151924185;-2,5455583572814;12,1189431658514;6,84865243148525;0,383548107832596;12,7913551459485;5,59999999999991
"39";"f4";100;50;10;5;10;5,52133353373511;-5,51045459178344;-3,43120635030981;-3,70068012473495;0,502949267175891;-0,104012169490268;4,17768562518398;-5,16604472659962;-5,52133353373511;4,39413848020696;-2,28728409255746;5,90000000000009
"40";"f4";100;100;10;5;10;4,61880130883865;-4,61880130883865;1,57550509988857;4,35119599455247;-1,10504145289737;-1,69042580370405;3,47080239537142;-1,21747213515656;-4,6173118107203;-3,74662271243051;-0,863975720536113;5,88999999999987
"41";"f4";500;10;10;5;10;48,6979919007983;-3,4709580964056;48,0858857428596;48,6979919007983;5,41582774675916;19,1722214871283;27,1781996335387;-1,09728269720133;2,43098303012971;18,3213994064908;-7,3820778666609;24,5
"42";"f4";500;30;10;5;10;10,6362832194698;10,2966118025538;8,91024654339575;-1,74330004849113;1,60990344598143;-10,5795951805669;-1,3830263439105;10,6362832194698;0,690344264955797;-1,38898447823177;10,285708433306;24,9099999999999
"43";"f4";500;50;10;5;10;9,64549725206838;7,75340077098306;-9,64419506104332;9,64549725206838;7,75108378711913;5,69390638759009;-6,07915838180071;0,400117014891244;9,28844271687261;-0,200016186685147;-0,249609556680849;25,21
"44";"f4";500;100;10;5;10;1,89111807154241;1,64770569734868;1,87971252247752;1,89111807154241;0,345349481054934;-0,0516480469416943;-1,71717036611704;-0,408331332112559;1,09692202917475;-0,448326907215211;0,450930756815542;25,7199999999998
"45";"f4";1000;10;10;5;10;37,2489719140908;-14,7168589921554;13,6241950409619;12,5762598386268;36,7485805363462;4,11484991687287;-28,6391325700744;-37,2489719140908;33,7895977476216;3,42243853819031;0,727995852800221;47,1400000000003
"46";"f4";1000;30;10;5;10;5,06085654454132;2,9522006049054;-4,99045387279498;-0,321806452775729;4,88900584372388;5,06025263145036;-5,06085654454132;-0,419065149746786;1,24040492180678;2,59401869193387;-0,725701577106481;52,1499999999996
"47";"f4";1000;50;10;5;10;6,98255147874584;-1,91538036967043;-6,95553103504467;0,109728207052807;-1,1848099847524;4,61283328750673;5,66445860051194;6,98255147874584;-4,78044528544485;4,13256167973927;6,10654772921569;50,3600000000001
"48";"f4";1000;100;10;5;10;2,24539264364035;1,40430950133265;-1,40210085347434;-1,10802128421366;-2,21763658417879;-0,36862648806268;2,23511264574726;2,24539264364035;-1,20458508048947;-0,812001818512116;-0,470670440643956;49,1700000000001
"49";"f5";100;10;10;5;10;580571,397112328;-1,84805662947095;3,06429201684439;-3,85911529066392;7,09014438378236;-4,41103093586593;6,33028748886476;2,304314733971;-5,27861975244224;-1,29594695631817;-2,34643625995069;5,7199999999998
"50";"f5";100;30;10;5;10;2476,04908306181;1,15125988628318;2,21875232581068;1,37225155175627;1,18657070438674;0,828403360990557;0,495850602868714;0,523522576339005;0,49704591586836;-0,98631283774316;3,9370031893207;5,98000000000002
"51";"f5";100;50;10;5;10;9323,21639872946;1,16126291972604;0,76227910482558;0,11378965526763;0,0758397279623412;0,177934426861776;0,579625374825327;-0,558292524983304;-0,0115496508154956;-0,262583794067425;-9,4854650159257;6,35000000000036
"52";"f5";100;100;10;5;10;1079,15833467666;-1,40346911646304;-0,967080834823261;0,252967100091863;0,951379724543745;1,21230444591894;0,863712929917793;0,739880227575017;1,13557907872866;1,27632267098242;1,58695915040861;6,69000000000005
"53";"f5";500;10;10;5;10;2374819,86759577;-11,5474568758455;6,4307450123374;-3,30400971505844;-2,91959075744631;-2,32839269161692;1,86891505450305;-5,62974228215797;-0,0235588460814425;-9,00476030739676;16,6576517012931;25,1999999999998
"54";"f5";500;30;10;5;10;150657,357446682;-2,26878259208672;5,07121184224719;0,960766700002827;2,75510720118584;3,17519145997318;5,3530745213389;1,72962278465082;-3,29590335898609;1,94446851329426;1,86668935341476;26,4200000000001
"55";"f5";500;50;10;5;10;1394,74673242507;-1,73079517748818;-0,389821063702818;1,16085211968591;0,975934174384756;0,400719037616201;-0,671254155264465;0,814937115199677;0,798226667555575;0,415075774633582;0,110606515894585;26,6300000000001
"56";"f5";500;100;10;5;10;139,384424465947;0,592413905245187;0,487620127930414;-0,00185741903076798;-0,362651738094098;0,474223982893938;0,167245849731586;-0,0994873593816789;-0,962049642019784;1,03128392791797;1,07613236162412;28,6500000000001
"57";"f5";1000;10;10;5;10;474020,751647075;-3,33334859811721;2,53430407061951;2,33483029897601;-6,44151135375184;3,74197968066547;-6,106421732847;-2,61796481872387;-5,80662711161448;3,78777061347781;9,01890179813487;48
"58";"f5";1000;30;10;5;10;7359,33914688707;2,18599073837522;1,33180758461541;0,154681122832295;2,40562939194475;-0,803000063062499;-1,12851360034983;1,632200693312;0,899156752094641;-0,907044736072304;0,116253371560125;49,4499999999998
"59";"f5";1000;50;10;5;10;3966,57643561362;-0,390093331410391;-0,786263077431435;-0,776238428631556;-0,972576266676306;-1,5006227625069;0,541377037802661;-0,339914279725576;-1,08507738518914;0,727099108062861;-4,28327915668571;50,2400000000002
"60";"f5";1000;100;10;5;10;174,868895894424;-0,274432964207879;0,00760864318034421;0,295734428515707;-0,149807021195334;-0,541140817829364;0,881705047369184;0,603219203001653;0,576014200192198;1,20935048642223;1,59878369198576;53,3899999999999
"61";"f6";100;10;10;5;10;1963,01048710492;-7,3673442291954;3,51607592926807;-14,4719741546011;9,97317345146405;-7,5173638722644;-26,0191123213864;-5,59073074944821;-20,0926679680701;3,26256037768312;21,1888047826129;5,59000000000015
"62";"f6";100;30;10;5;10;128,814220865045;2,71888076167486;1,67218884168824;-1,5113262295763;2,23052454077913;1,03686800001392;0,69961605864541;1,70093892169736;7,40889044150377;-2,2684771240598;-6,06173036959557;5,82999999999993
"63";"f6";100;50;10;5;10;17,7277237588874;-2,6078282012182;-0,222177383001457;-0,516740301326315;-1,74578456929768;-0,599918909157911;2,27720265543181;-2,153190391985;-0,765021879603516;-1,24986221038937;-1,25294914476151;5,90000000000009
"64";"f6";100;100;10;5;10;7,6713544295746;-0,363103852547166;-0,540878983725384;-1,32543901499496;0,00586700391609278;-1,29665301852123;0,728829662121851;0,627481867240571;0,27346606814256;0,766677174703814;-1,54645938052107;6,15999999999985
"65";"f6";500;10;10;5;10;973,599639227848;-11,7008528516796;5,6482257305488;11,6463174450357;-9,90616534196911;-16,6137364321378;6,99358744282173;0,78586855521467;-3,11739318004611;-14,2548335615464;-8,29903040123185;24,9699999999998
"66";"f6";500;30;10;5;10;279,775581399549;-10,7953115759037;-1,25205724278019;5,42209470062722;-7,9935788979481;-0,859524225134882;-0,541869863809207;1,34991202269109;-5,05680439645648;2,35580644648829;-7,53692677965347;25,1700000000001
"67";"f6";500;50;10;5;10;128,421031189499;-0,26324237772568;1,1981693303806;-3,49904102873791;-1,24938333745439;-0,631297159396277;-8,46294825002752;-2,96571549010505;5,60502483521296;-0,0201178577417512;-3,48633951532472;26,1600000000003
"68";"f6";500;100;10;5;10;1,44534260138642;-0,565186707400378;-1,06686387795697;-1,21252405593476;-0,42097337290147;0,0354032452313221;-0,118488131481329;-0,764146929972088;-0,25162039290169;-0,623255426467491;-0,664185960244789;26,2799999999997
"69";"f6";1000;10;10;5;10;667,26172591157;-9,5134475662041;1,5482650384351;-13,0052542779828;-6,35830879112888;-4,84934902022361;-1,53560934516601;6,18879693967786;-11,5893848753904;-3,70133696436257;-14,3985822793646;47,1500000000001
"70";"f6";1000;30;10;5;10;148,626705219086;-1,42230525861091;2,70705695697965;-8,21691282225093;-1,19269901236426;-3,3490623931332;-1,38615675582766;-7,90982250732812;-0,0106308609855668;0,14152609588599;3,1057358033927;47,77
"71";"f6";1000;50;10;5;10;111,524115153622;-3,15865251676823;-2,66648332505945;0,421322006306846;-0,604894206657808;8,99363643226752;-1,44371207480573;-2,53895497160782;0,64738911564892;-1,21551987520272;-1,87719347880859;48,21
"72";"f6";1000;100;10;5;10;4,18910601714886;0,669529721080214;-0,572811551609509;-0,02302572051956;-1,5233097394397;-0,522826721888909;-0,727829106844259;-0,515595241083023;0,250867272646227;0,0592103535122615;-1,28239963393684;49,8299999999999
"73";"f7";100;10;10;5;10;0,997124235499876;0,371528897318218;0,220705482594986;-0,0375555546871088;-0,368419248388596;0,241700117160743;-0,0461457658037263;-0,0143442404276869;0,269711183123229;0,433610467899084;0,110525532920154;5,84999999999991
"74";"f7";100;30;10;5;10;0,855723032396985;0,106408291773582;0,0571631323139229;0,18655670795416;0,0763150786076829;0,0648394701706098;-0,101330808226813;0,0390992894728596;0,00606010817486882;0,123458984683439;-0,0508182909447484;6,23000000000002
"75";"f7";100;50;10;5;10;0,103666854121775;-0,139035376641561;0,0429152283066003;0,0082435972883956;-0,0678633780264211;0,0270116186182756;-0,0757673677508294;-0,0150592111096665;-0,0160814984010551;0,00824300997775414;-0,062367857724826;6,32000000000016
"76";"f7";100;100;10;5;10;0,452644097073696;0,0717110510418714;0,0685574189669391;-0,0286515988948946;0,0455586044038374;0,015238407653136;-0,0100710885087229;-0,0346024686851633;-0,000889786178432911;-0,0436418249848088;-0,00829599277583446;6,7199999999998
"77";"f7";500;10;10;5;10;0,922895739222648;0,0201052200566893;0,182031083066618;0,0710883232603822;0,107861908675411;-0,194438772225808;-0,282122883086432;0,00422139741745662;-0,18721981907797;0,47672675006569;-0,203520520659337;25,52
"78";"f7";500;30;10;5;10;0,144865939285428;0,0213065763805983;-0,210016982660535;0,0833784240315316;0,0565180037458811;-0,12183269646852;0,0298537242285338;-0,0786545260559388;0,118619093465335;-0,0993623843795146;0,00160279486585293;25,8900000000003
"79";"f7";500;50;10;5;10;0,281507581991115;0,0186985264227285;-0,0378497718876897;-0,18690405647621;0,0494770377199573;0,0388411856660851;0,199772200757776;-0,049328291905308;0,0137205912549429;-0,0269999764192626;-0,0610615400348813;26,9099999999999
"80";"f7";500;100;10;5;10;0,964681892656022;-0,0293321709462988;0,180821856363107;-0,106852570348274;0,0562107446315898;-0,0390452599634182;0,0103645328749403;-0,00563730335555582;-0,0198937643644287;0,000611133428887397;-0,0444333201418573;28,04
"81";"f7";1000;10;10;5;10;1,33285628048327;0,170552081518189;-0,440803680027923;-0,0199732125071862;-0,383675055394812;-0,211972552600147;0,0856491239694056;-0,152731824953551;-0,378294519971036;0,163260046321549;-0,521235663295786;47,9900000000002
"82";"f7";1000;30;10;5;10;0,26511112395694;-0,00866198292304729;0,0585546204764154;0,147368788134019;0,115773453879991;-0,363501516608728;-0,0518590946943484;0,126125329464638;-0,064689245713669;-0,0409411429169248;0,0267156535674269;49,3299999999999
"83";"f7";1000;50;10;5;10;0,0774577886119765;-0,0706852123490068;0,00207214427030309;0,198557976805802;-0,145540081285877;0,0656398164433691;0,0650584138176136;0,0337592188348691;0,0158051652516615;-0,00363437760132434;-0,137290846538604;50,5599999999999
"84";"f7";1000;100;10;5;10;0,506649573878903;-0,226161190027844;-0,074557466425084;0,0349057288575222;0,0481848647979467;0,0523261174317969;-0,050387984208071;0,0322567401050324;-0,0491023089865721;0,0163004476293641;0,0438812813810783;53,5
"85";"f8";100;10;10;5;10;-2076,95740428797;32,0173496794653;403,068664745982;-163,570127980195;411,042025153594;199,667927899859;-120,141352453099;401,757802727751;90,6401699448758;384,299952743257;407,972589064935;5,67000000000007
"86";"f8";100;30;10;5;10;-2046,79534593262;383,54322465071;194,046907696049;-287,409448002644;-310,618808940183;189,908098066367;-22,4390659552026;-300,94085201733;-293,200537401494;-126,440602484945;-122,894620118143;5,59999999999991
"87";"f8";100;50;10;5;10;-1899,84514316426;9,46603798118275;56,9712212716122;203,328034763576;202,397401917631;393,954928155115;-271,09080746208;-115,363949915204;414,668729359639;-292,415315860357;-114,979042191921;5,75
"88";"f8";100;100;10;5;10;-2260,66794743489;403,420065270403;70,3626787347305;-322,174418340626;186,472605705491;-310,78485565339;-293,194306289504;393,929958458798;-280,320983184779;-150,03995564326;206,418000199795;5,98000000000002
"89";"f8";500;10;10;5;10;-2088,70728598919;-124,920885562337;-113,104290046883;-283,297809776348;419,032820979666;-259,941469822769;190,78740359572;194,546072051102;409,069598059144;-29,106275525472;-313,434269423058;25,0500000000002
"90";"f8";500;30;10;5;10;-1853,32770607599;-277,398940695886;218,423245396032;-126,676801972123;-292,100492988125;-260,349763276421;402,160758368142;58,0430010356897;-120,136660223966;-287,365773231515;-115,410286541051;25,8799999999997
"91";"f8";500;50;10;5;10;-2049,71620689266;-116,585227301643;-125,421103949014;-289,631189512716;-300,412424297205;-303,063565112476;62,8300195458738;-297,700033591612;207,139284643597;-293,594459616813;-105,970428182993;25,5999999999999
"92";"f8";500;100;10;5;10;-2353,31368750612;409,032268671262;390,812067156009;199,706274802637;394,151013861828;55,8169704675392;-118,46644327854;-281,493304943765;196,600739300144;-308,344722808537;206,04150967666;26,71
"93";"f8";1000;10;10;5;10;-1715,84283903747;-293,459459184669;66,2481691016851;-279,03187636429;-101,45785333734;-129,813406134315;433,334444631669;-294,086000580321;226,366155812828;10,2458293129409;-131,627647690661;47,3299999999999
"94";"f8";1000;30;10;5;10;-1946,4111280078;399,128619885797;176,705396539329;-128,049059987443;-128,86843486487;-125,739916300987;-267,278625993327;200,841170075745;416,641656246957;187,602192997138;184,381948296623;48,1399999999999
"95";"f8";1000;50;10;5;10;-2122,51291558951;197,032379384639;-97,4089721484609;189,584756244356;196,37208020336;386,617143345847;198,589535497385;-304,209153017913;-301,782721027356;-278,592084196303;206,255245143745;48,8500000000004
"96";"f8";1000;100;10;5;10;-2444,39636050594;66,1660054042378;416,35826617683;408,966525332352;198,530918537776;7,00507013201015;396,408690940684;397,123190750683;202,729297088724;-288,598585468584;193,212027402385;50,7199999999998
"97";"f9";100;10;10;5;10;33,7059559411743;-1,93943335423954;-0,911764779877391;0,0452933405319925;2,02573053396586;-1,9680887586161;2,01175846884996;-0,222926150432108;-1,04959565771087;1,06033611815843;0,911443648895905;5,75
"98";"f9";100;30;10;5;10;28,3822843275663;-0,133014840125709;0,847075605300828;-1,0534004060478;0,961763839543333;0,820981291768437;0,0981420944138806;-0,102160731853374;1,93334296723941;1,05849246064144;-0,0552204909165528;5,82000000000016
"99";"f9";100;50;10;5;10;3,94843595213499;-0,0345916558532237;0,987140975072104;0,00865988973828264;-0,00481863680371933;0,0370186028467305;0,0401762507852658;-0,0521171648873129;1,02267572195334;0,0235338284383228;-0,0393251467862005;5,96000000000004
"100";"f9";100;100;10;5;10;9,74258096989787;-1,95762455032407;-0,132186450750032;-0,00844300938849801;0,0685674679331696;0,0557687527088592;-0,00699193161065946;0,0432515212779583;0,0357383232331103;-0,022786262246082;-0,0063576796006833;6,16999999999962
"101";"f9";500;10;10;5;10;53,090406699365;2,08701288274881;1,91667801274273;-1,01597689060923;-2,88703839992702;3,05600934921647;-0,112361979296109;1,9125680829878;1,00123800263198;1,15873317055165;2,09267683399669;25,3700000000003
"102";"f9";500;30;10;5;10;8,44658375365142;0,0320170527191652;0,00351010178100757;1,00241285614108;1,00355851122225;1,99056004293304;-0,100021507116702;0,00748572915372044;-0,0239042178681829;0,0313260169778627;0,00592752756488296;25,6799999999998
"103";"f9";500;50;10;5;10;13,4354122466814;-0,993156930438126;0,937411003826738;0,00829930491083404;-0,986718920033026;0,922176324580892;-0,964982033656537;-1,06189817257665;0,944831139856453;-0,940214494260008;0,0921360829649324;25,8899999999999
"104";"f9";500;100;10;5;10;14,3234203851229;-0,935136107838368;-2,00909558709477;0,000679538931274675;-0,925519554786833;-0,98685245000372;0,996099166734081;0,913327931282816;0,00314420973354103;-1,01397606443291;0,0816079534150834;27,0799999999999
"105";"f9";1000;10;10;5;10;39,9202508429605;1,9722738333426;-3,11148749567485;-1,22970010582671;-0,0461558589138656;-1,0751205441505;0,889312709205196;1,02647985894272;-0,961989972209282;-1,9457120237833;-0,977177951985504;47,73
"106";"f9";1000;30;10;5;10;8,70565242528833;-0,00575429732827987;0,99214175434331;-0,0154352083765152;0,00034146238005717;0,0525967408205587;-0,940761173978009;-1,03321099550764;0,0306546925886388;-0,0543235607388142;0,136813643552664;48,5500000000002
"107";"f9";1000;50;10;5;10;9,49733818755429;-0,0055303322718871;0,0900875657596123;0,0211988049649359;-0,940979932225176;-0,0173350874542168;1,97106911016172;-0,970103126081115;0,0535194282110412;-0,00823048573257381;-0,0486763406976453;49,7199999999993
"108";"f9";1000;100;10;5;10;9,99670583863939;-0,0277950046860907;-0,124488155360852;-0,999481622443981;0,960350737615681;-0,966978728146512;-0,0354729452503215;-0,921196635610045;-0,0106512467202766;-0,984293915918521;0,0321536387336125;51,4100000000008
"109";"f10";100;10;10;5;10;12,2461090742249;9,04135694649453;-1,99844358239679;1,96513038602302;-0,0105822093630187;-0,0807324143186115;1,06505554167338;3,06703417170429;-9,88754815001393;1,09639421305607;-3,11567673427891;5,72999999999956
"110";"f10";100;30;10;5;10;6,70824072493937;3,20349692202296;-2,981265340633;1,92580350975012;1,98389548257631;-0,085601453959024;-0,988277460058169;-0,0124380470982427;0,97564275959119;-1,40783152447251;-0,867792218043848;5,77000000000044
"111";"f10";100;50;10;5;10;4,01754111905584;1,03155246060225;1,89354651085956;-0,995477170706211;-0,982114979861084;-0,967244897899881;0,837159333099158;0,9579717869799;0,0263189037706815;0,973839924756435;-0,921588495402354;5,83999999999924
"112";"f10";100;100;10;5;10;2,50619699382841;0,83209087961945;-0,0432254305609067;0,027744236272882;-0,0112003471710983;0,103849847737077;0,302360719907612;0,0705634734995746;0,900689087101405;-0,924403070107117;-0,0603678265672383;6,19000000000051
"113";"f10";500;10;10;5;10;16,0556136183861;-13,0130131527229;-2,02238418216969;6,9829473089335;-7,88277265877362;4,237304750291;-6,67987373878651;-1,02438628970238;5,8312734259071;5,07212266184374;9,79246584690135;25,8400000000001
"114";"f10";500;30;10;5;10;6,47021750357015;-0,057710575406546;2,01910557115469;0,911593949264241;0,982067738139637;-2,11233101460775;-2,81791217186106;-2,02003234181449;1,27344647919045;0,76006375905679;-1,91019378628784;25,5500000000002
"115";"f10";500;50;10;5;10;4,67654124908316;-0,914511528532812;0,0424324432461618;-0,934126767094646;1,05530704795583;-2,30606520843324;0,0399686823777931;0,152358211329374;0,228887247410213;2,00863205117255;-0,0217792370723259;26,7700000000004
"116";"f10";500;100;10;5;10;2,13041212992442;0,911508779439391;0,0253698062467589;-0,162485930857514;-0,194139514827163;0,0336473942296742;-0,0826570852204664;0,130646670992379;-0,822511987657355;0,0788140088679398;-0,011453934470212;27,1099999999997
"117";"f10";1000;10;10;5;10;12,4752429295693;-6,99394685862183;-8,306681258175;1,94276476517915;-2,95889865644611;3,16963546037976;1,29322427319726;-3,81084584331686;-4,14027961852671;-1,84611861993709;1,98037000865399;48,3900000000003
"118";"f10";1000;30;10;5;10;7,63804504130245;-2,10900576100927;0,963788230027747;0,0959290397828403;-0,10782802131555;-0,897992966946583;3,32719042221415;1,07363571768553;-2,99703146566152;4,0275383631298;0,764925633866519;49,0100000000002
"119";"f10";1000;50;10;5;10;4,657946563381;-0,920006400066436;-0,0977627991970336;-2,05515737872317;-0,0832426477217911;-0,936267555195956;-1,92349744716904;-1,89954025247867;-0,971097515331843;-0,937440382464411;0,0999233726401725;49,7200000000003
"120";"f10";1000;100;10;5;10;1,9900695636496;-0,259814015571469;0,0327689076677582;0,175432824145669;-0,00605822462330276;0,0137033713544556;0,992219391589109;-0,0682386367927764;0,0523018862445549;-0,246238944243105;-0,0702355803888844;52,0500000000002
"121";"f11";100;10;10;5;10;8,57482325689084;22,1065473139592;-9,29225616742072;23,7170667981629;9,57826359859249;33,5329880970828;29,9147527502629;29,436535399561;114,037064671525;-11,010083290398;114,273967648086;5,77999999999975
"122";"f11";100;30;10;5;10;4,76956244806517;2,96964683242767;-78,2518199272833;28,976480820898;-18,3648031475771;1,44498482013979;-13,117288711143;-22,8713265244715;-21,3958819912045;-80,6820209218445;-10,808134441307;5,76000000000022
"123";"f11";100;50;10;5;10;0,911352014647149;-6,19902779140804;-13,5624273797424;0,0364394833275956;0,690420453504451;13,0662394763188;29,4622284995671;16,0487172902241;-1,96335286937136;8,84597502577165;-1,23359717122309;6,11000000000058
"124";"f11";100;100;10;5;10;0,547981479316637;-0,243607384279386;17,7545307383145;5,13832251384124;6,18203775162209;-1,04553788126543;8,7888865816349;8,40262259173048;9,21535666061743;1,65057008176882;-9,08306794446057;6,39999999999964
"125";"f11";500;10;10;5;10;3,22726758091393;-62,9889191720781;-6,74835564747578;-0,235786778645357;6,59608138587746;-39,0335857065183;-35,0901309550021;-32,2072910242541;29,4495951520512;-13,4430072900669;-3,53677797045431;25,3299999999999
"126";"f11";500;30;10;5;10;2,07969873960501;9,66340710642882;-8,23737767403237;-21,0930711893567;10,9002934848245;42,9719934505229;14,8570713003106;49,5445746722666;-8,10805682380203;28,0326942515778;-9,6158316170933;25,8299999999999
"127";"f11";500;50;10;5;10;0,904545022602624;9,62696188723047;4,72578737216743;-5,18865973729327;12,8475319998081;-20,8325314488853;23,782011922385;8,31438272029693;-0,0380342368171412;27,2642752797294;-29,4700109828792;26,2200000000003
"128";"f11";500;100;10;5;10;0,507690191799963;28,1760517685074;8,84071786001337;0,0926218499778704;0,0310470502659128;7,00128356757985;0,329816940113905;-9,56048097687569;8,69413934229718;0,321220419149258;19,3551208662857;27,4800000000005
"129";"f11";1000;10;10;5;10;10,6650705957583;-27,1534555311842;12,7542558433826;-13,3256858162843;91,1926447381178;68,2852546029398;-46,512670669707;-90,9127672575063;25,482564662467;-114,722478799613;18,9588944434933;48,1899999999996
"130";"f11";1000;30;10;5;10;2,69926532406259;22,1050212452723;-21,6023082322923;-53,1963026506739;0,585089652852085;-5,0700966073676;16,8675748042577;42,3462754710851;-13,8823970907185;26,7264203428805;-12,5003009088222;49,04
"131";"f11";1000;50;10;5;10;1,29202809229517;21,7246152889041;-17,0515624368744;-0,137963300820437;-0,229609496876567;-0,38249097076387;0,00387984131171041;35,8628055423531;9,98356166277522;18,9100102934899;2,02344259307106;49,8000000000002
"132";"f11";1000;100;10;5;10;0,212733862560385;6,21245709367203;4,2576667854617;-5,10310781243846;-0,0595715629911119;0,279208190415907;-7,46734601334289;0,0588563761875502;-0,113282950034814;18,2353195109401;9,48453176386498;52,0500000000002
"133";"f12";100;10;10;5;10;46525,3434687171;-7,18532730951244;-1,96635815020778;-8,21310289983088;7,37735882396726;14,643485543733;2,62601184266415;-7,41709456404322;0,933098685389119;-1,65421886512054;-8,86837375107369;6,14999999999964
"134";"f12";100;30;10;5;10;2,9491543995132;-0,386227379050458;-1,10056216382408;-1,04781264556615;-0,11387491628289;0,658735859635706;0,863753330634442;-1,48739626073306;-3,03718157165858;6,50736978942828;-1,00066306154571;6,60000000000036
"135";"f12";100;50;10;5;10;2,58585464751635;-0,803336711841428;-3,55696171483999;2,83091340667208;-0,686169884686707;-2,63032733095714;-0,151863767433822;-2,13848741057433;-1,50674788230943;4,78258339822375;-4,64875478714707;6,75
"136";"f12";100;100;10;5;10;0,43977820338076;2,95295816510471;-1,05123888997614;0,570121549923921;-1,04251467737678;-1,02256680048422;-2,87174236401445;-1,06442220407788;-1,04746169594466;-0,776385629354204;-0,691066609113662;7,6899999999996
"137";"f12";500;10;10;5;10;8,10489909226979;2,8634803876628;-5,26561223503739;7,2680299651898;3,28130111350607;-5,02599374624895;7,16435033174196;-1,08700360473915;2,95044049663787;2,87832701189136;6,01016390017669;26,7000000000007
"138";"f12";500;30;10;5;10;16,9482960969075;10,0952955431751;6,93984095377431;3,49423966939587;-0,986354411955925;2,35423374245201;-9,71618008392256;7,15471073810948;-8,97380298107052;2,79518593191604;9,88104821985879;28,0599999999995
"139";"f12";500;50;10;5;10;1,00021457246978;-0,990723957262705;-1,35848920747155;3,14144874629104;2,93831274509759;-0,800265684963119;0,122031755257197;-0,841673324137355;2,28108732921751;-1,03123174141904;0,128607960966212;29,5900000000001
"140";"f12";500;100;10;5;10;0,496602241545226;-1,03483401296191;-1,75808888164993;-0,271891208347852;-0,857554199939933;0,438264933075033;-4,62598086537881;-1,00506154425864;-3,16018113008636;-0,945096912059946;-1,64073357993439;33,8000000000002
"141";"f12";1000;10;10;5;10;236,49722196925;-7,94560549224127;1,18399919157678;-7,02675505499836;1,57998340839769;10,3925191116597;-3,61565083734089;11,1693116479761;7,15101462643856;-1,00568265219328;0,507976624496299;50,8100000000004
"142";"f12";1000;30;10;5;10;5,69916782283473;-1,03028466839307;-7,05937639263041;7,15304767619738;2,98140795877119;7,01399456780635;-1,12483807832805;7,43989747660364;-1,00521424041359;1,8774544470248;-4,89269210739759;53,8899999999994
"143";"f12";1000;50;10;5;10;0,190760688449664;-1,00480477800376;-1,34262186873404;-1,14467041663763;-2,122132732156;-0,977792710146802;-0,617757098299117;-1,01769770508158;-3,75553132735658;-0,996394188492699;-1,65470070011885;56,6400000000003
"144";"f12";1000;100;10;5;10;0,0277543661177843;-0,992424511264196;-0,766722494865291;-0,933102174403904;-0,690941881253451;-0,66740375425383;-0,91709635785486;-0,904082713675748;-0,663717593193603;-1,69608330518596;-1,19072292804286;63,7200000000003
"145";"f13";100;10;10;5;10;4530,17819725015;5,06329435666962;-3,50007469442755;-3,57872581229807;3,42281817360078;7,58926835243826;-0,295251317767487;-3,02864166767492;-2,00328843356073;0,544841543539597;5,60645842300547;6,13999999999942
"146";"f13";100;30;10;5;10;7,61608932720975;-0,721781998422502;0,0154947829098551;4,84247218381627;-0,996630192640038;-1,32460424123674;4,0051447469684;1,67757887680784;3,5122675568862;1,01012985807339;-4,50518369213482;6,41000000000076
"147";"f13";100;50;10;5;10;3,25372805580486;-1,33728750829698;0,673790965133268;-2,57400659190831;-1,65659212952239;0,663314549167283;1,17100109535288;-1,02267926429142;2,03561007705536;0,991497837187961;0,0853734354229984;6,78999999999996
"148";"f13";100;100;10;5;10;4,34128015739558;4,72332569922735;3,3286994826747;-0,341229757032393;0,990332867707326;3,08549556207026;0,347358231191268;1,62517260786943;1,95745287447803;-2,75930365488259;-0,00529741812920862;7,48999999999978
"149";"f13";500;10;10;5;10;4,5535517100988;0,657103692179089;-3,05077616396564;0,663352262375046;1,46205992695897;3,54888018417779;0,661573859938958;4,79397945443884;-1,34163960994725;0,312455138919994;1,99145088274682;26,5100000000002
"150";"f13";500;30;10;5;10;8,9418242115686;2,03770467616955;-4,96516752176137;-2,02168652223973;1,3201242478935;-2,90904333079717;2,35633706457454;5,02536702855755;-0,976652590603982;-0,334551920497917;2,00855147403618;28,2699999999995
"151";"f13";500;50;10;5;10;6,52520607742682;0,332258894608335;0,669887393987221;1,40210538853014;1,75509109929534;3,09041971147787;4,32232747102401;4,33840536274836;-4,65714838260074;-1,00278318566401;1,66158094394547;29,5299999999997
"152";"f13";500;100;10;5;10;0,337396638689634;-0,325523300059719;0,996756699973507;0,373357472929069;1,04584186900087;0,69565507367929;1,07211725559251;0,969981417569798;0,723717916323784;0,188067907140059;0,684281817753674;33,1300000000001
"153";"f13";1000;10;10;5;10;3301510,90829967;5,2515690946824;6,66396990824675;-18,3317739344836;-7,7335489756679;5,34959695191484;-10,6413744679867;-1,9051631263039;-6,1322053658005;-7,9944832721967;9,03642063271965;50,8699999999999
"154";"f13";1000;30;10;5;10;17,9622007410635;5,41123586643148;-4,03616722715934;-3,02292662561757;2,64949365487826;-4,57989020135765;2,66617683043498;-5,04788738222449;1,67195755640258;2,27613977557329;3,54441556190367;53,75
"155";"f13";1000;50;10;5;10;29,9941322940672;-2,01373132741667;0,692127957747608;-4,77374315546345;-1,66220977015045;2,6750078099708;-3,23791973901069;-5,64189204997496;-2,33035393446166;0,665634814274746;1,92624793323302;56,6600000000008
"156";"f13";1000;100;10;5;10;1,83519692882346;0,994267595468184;1,19692460116983;0,29503109277622;0,0135941466018569;-2,44688279376661;1,0053666481306;0,143907480770237;0,630983085092201;1,49864353900907;-0,550385647628109;63,2599999999993
